captured_at,published,headline,description,url,image
2026-08-12T13:53:31.719599+00:00,2026-08-12T10:59:06Z,Ex-QB Matt Hasselbeck part of quest for living diagnosis of CTE,Former NFL quarterback Matt Hasselbeck recently spent two days going through a battery of scans and tests to determine how much collisions affected his brain. The hope is that it will be a small step toward  diagnosing CTE in the living.,https://www.espn.com/nfl/story/_/id/49589099/ex-qb-matt-hasselbeck-part-quest-living-diagnosis-cte,
2026-08-12T13:53:31.719599+00:00,2026-08-12T10:41:04Z,"Future of QB Bo Nix, Broncos will be defined by 2026 season","Nix has been a winner for the Broncos in his two NFL seasons, but is he truly their next alpha franchise QB? This season could give us the answer.",https://www.espn.com/nfl/story/_/id/49576234/bo-nix-denver-broncos-2026-season-super-bowl-expectations-long-term-contract-extension,
2026-08-12T13:53:31.719599+00:00,2026-08-12T10:00:10Z,What have 2026 NFL rookies spent their first paychecks on?,"Jeremiyah Love, Drew Allar and Carnell Tate are among the NFL rookies who just got their first pro contracts. How did they spend their new money?",https://www.espn.com/nfl/story/_/id/49554282/2026-nfl-rookies-spent-their-first-paychecks-money-cash-nil,
2026-08-12T13:53:31.719599+00:00,2026-08-12T00:21:12Z,CB Devon Witherspoon focused on being 'prepared' amid contract negotiations,"Seahawks CB Devon Witherspoon wasn't interested in talking Wednesday about his ongoing quest for a contact extension, but the three-time Pro Bowl selection did explain his decision to practice without one.",https://www.espn.com/nfl/story/_/id/49585948/cb-devon-witherspoon-focused-being-prepared-amid-contract-negotiations,
2026-08-12T13:53:31.719599+00:00,2026-08-11T23:40:13Z,Rams' Nacua exits with groin soreness; Garrett sidelined again,"Myles Garrett is dealing with some swelling in his knee and did not take part in the Rams' joint practice Tuesday against the Cowboys, while Puka Nacua left the workout early with minor groin soreness.",https://www.espn.com/nfl/story/_/id/49585012/rams-myles-garrett-misses-practice-again-puka-nacua-exits-early,
2026-08-12T13:53:31.719599+00:00,2026-08-11T20:39:00Z,"Fantasy football sleepers, busts and breakouts for 2026","Which players will surprise, disappoint or make a big jump this fantasy season? Our analysts give their picks.",https://www.espn.com/fantasy/football/story/_/page/FFSleepBustBreak26-49030808/fantasy-football-2026-rankings-nfl-sleepers-breakouts-busts,
2026-08-12T13:53:31.719599+00:00,2026-08-11T21:10:00Z,"Bears' Coby Bryant undergoes knee surgery, out 4-6 months","Bears safety Coby Bryant underwent knee surgery and is expected to miss four to six months, coach Ben Johnson announced Tuesday.",https://www.espn.com/nfl/story/_/id/49584684/bears-coby-bryant-undergoes-knee-surgery-4-6-months,
2026-08-12T13:53:31.719599+00:00,2026-08-11T21:37:57Z,"What Kyler Murray as QB1 means for Vikings, J.J. McCarthy","McCarthy, the No. 10 pick in 2024, will take a back seat to offseason addition Murray. Here's what we know.",https://www.espn.com/nfl/story/_/id/49582977/new-minnesota-vikings-kyler-murray-jj-mccarthy-starter-qb1,
2026-08-12T13:53:31.719599+00:00,2026-08-12T00:12:34Z,"Seahawks' Nick Emmanwori passes physical, set to come off PUP list","Seahawks safety Nick Emmanwori (ankle) passed his physical, the team announced Tuesday, clearing the way for his return off the physically unable to perform list.",https://www.espn.com/nfl/story/_/id/49584391/seahawks-nick-emmanwori-passes-physical-set-come-pup-list,
2026-08-12T13:53:31.719599+00:00,2026-08-11T19:43:32Z,Packers QB Love expected to play in first preseason game,Jordan Love is expected to play in the Packers' first preseason game Thursday but said he will still be playing it safe after the thumb injury he sustained before last season.,https://www.espn.com/nfl/story/_/id/49584388/packers-qb-love-expected-play-first-preseason-game,
2026-08-12T13:53:31.719599+00:00,2026-08-11T18:51:10Z,McDuffie to Eisen: Being with Rams 'feels like I'm back at home',McDuffie to Eisen: Being with Rams 'feels like I'm back at home',https://www.espn.com/video/clip/_/id/49584115/being-rams-feels-back-home,
2026-08-12T17:17:59.092856+00:00,2026-08-12T14:20:55Z,Ex-QB Matt Hasselbeck part of quest for living diagnosis of CTE,Former NFL quarterback Matt Hasselbeck recently spent two days going through a battery of scans and tests to determine how much collisions affected his brain. The hope is that it will be a small step toward diagnosing CTE in the living.,https://www.espn.com/nfl/story/_/id/49589099/ex-qb-matt-hasselbeck-part-quest-living-diagnosis-cte,https://a.espncdn.com/photo/2016/1227/r166434_1296x729_16-9.jpg
2026-08-12T17:17:59.092856+00:00,2026-08-12T16:48:28Z,What have 2026 NFL rookies spent their first paychecks on?,"Jeremiyah Love, Drew Allar and Carnell Tate are among the NFL rookies who just got their first pro contracts. How did they spend their new money?",https://www.espn.com/nfl/story/_/id/49554282/2026-nfl-rookies-spent-their-first-paychecks-money-cash-nil,https://a.espncdn.com/photo/2026/0810/nfl_rookie-spending_16x9.jpg
2026-08-13T05:52:35.862847+00:00,2026-08-13T05:02:34Z,Daniels sends cease and desist to LSU after Pickett given No. 5,"Commanders quarterback Jayden Daniels informed LSU it can no longer use his name, image and likeness and said he felt ""profoundly disrespected"" after LSU allowed cornerback DJ Pickett to wear his former No. 5 jersey.",https://www.espn.com/nfl/story/_/id/49596211/daniels-sends-cease-desist-lsu-pickett-given-no-5,https://a.espncdn.com/photo/2024/0422/r1322662_600x400_3-2.jpg
2026-08-13T05:52:35.862847+00:00,2026-08-13T01:38:39Z,Steelers bring back veteran LB Roberts on one-year deal,"Linebacker Elandon Roberts, who played for the Steelers in 2023 and 2024, is returning to Pittsburgh after the sides reached a one-year deal.",https://www.espn.com/nfl/story/_/id/49594879/steelers-bring-back-lb-roberts-one-year-deal,https://a.espncdn.com/photo/2026/0125/r1605437_1296x729_16-9.jpg
2026-08-13T05:52:35.862847+00:00,2026-08-13T00:17:35Z,J.J. McCarthy wants to stay with Vikings after losing QB job,"The decision to name Kyler Murray the winner of the Vikings' quarterback competition this week was ""out of my control,"" former starter J.J. McCarthy said Wednesday.",https://www.espn.com/nfl/story/_/id/49594059/jj-mccarthy-says-vikings-qb-decision-control-wants-remain-minnesota,https://a.espncdn.com/photo/2026/0812/r1700994_600x400_3-2.jpg
2026-08-13T05:52:35.862847+00:00,2026-08-12T22:51:17Z,DeMarvion Overshown stands out as a bounce back candidate,DeMarvion Overshown stands out as a bounce back candidate,https://www.espn.com/video/clip/_/id/49593749/demarvion-overshown-stands-bounce-back-candidate,https://espnmedia-cdn.akamaized.net/espn/media/common/2026/0812/ss_20260812_182559221_3621467/ss_20260812_182559221_3621467.jpg
2026-08-13T05:52:35.862847+00:00,2026-08-13T00:27:08Z,Browns name Watson starting QB for preseason opener,"The Browns will start Deshaun Watson at quarterback in their preseason opener Saturday in Chicago, and Shedeur Sanders will start the second preseason game at home against the Bills.",https://www.espn.com/nfl/story/_/id/49593705/browns-name-watson-starting-qb-preseason-opener,https://a.espncdn.com/photo/2026/0812/r1700973_600x400_3-2.jpg
2026-08-13T05:52:35.862847+00:00,2026-08-12T22:07:48Z,Bo Nix on track but will sit out Broncos' preseason opener,"Bo Nix's recovery from two surgeries on his right ankle continues to go well, but he won't play in Denver's preseason opener Friday, with the team instead expecting him to play in its final two warmup games.",https://www.espn.com/nfl/story/_/id/49593421/bo-nix-track-sit-broncos-preseason-opener,https://a.espncdn.com/photo/2026/0729/r1695243_2_600x600_1-1.jpg
2026-08-13T05:52:35.862847+00:00,2026-08-12T18:57:06Z,Jets' Qwan'tez Stiggers in concussion protocol after collapsing,"Jets cornerback Qwan'tez Stiggers is ""doing fine"" a day after collapsing during a joint practice against the Buccaneers, coach Aaron Glenn said Wednesday. Stiggers has entered the NFL's concussion protocol after displaying symptoms Tuesday.",https://www.espn.com/nfl/story/_/id/49591966/jets-qwantez-stiggers-concussion-protocol-collapsing,https://a.espncdn.com/photo/2026/0812/r1700848_1296x729_16-9.jpg
2026-08-13T05:52:35.862847+00:00,2026-08-12T20:17:01Z,"Tua Tagovailoa to start Friday, not yet named Falcons' QB1","Falcons quarterback Tua Tagovailoa will start Friday night in the team's preseason opener against the Broncos, coach Kevin Stefanski said Wednesday.",https://www.espn.com/nfl/story/_/id/49591515/tua-tagovailoa-start-friday-not-yet-named-falcons-qb1,https://a.espncdn.com/photo/2026/0812/r1700821_1296x729_16-9.jpg
2026-08-13T20:06:35.897849+00:00,2026-08-13T15:34:44Z,"49ers' Ricky Pearsall has knee surgery, targets 9-month recovery","With his right knee surgery complete, 49ers receiver Ricky Pearsall is looking ahead to the roughly nine-month recovery that awaits him before he can return to the field.",https://www.espn.com/nfl/story/_/id/49600348/49ers-ricky-pearsall-knee-surgery-targets-9-month-recovery,https://a.espncdn.com/photo/2026/0813/r1701261_1296x729_16-9.jpg
2026-08-13T20:06:35.897849+00:00,2026-08-13T13:39:25Z,Daniels sends cease and desist to LSU after Pickett given No. 5,"Commanders quarterback Jayden Daniels informed LSU that it can no longer use his name, image and likeness and said he felt ""profoundly disrespected"" after the school allowed cornerback DJ Pickett to wear his former No. 5 jersey.",https://www.espn.com/nfl/story/_/id/49596211/daniels-sends-cease-desist-lsu-pickett-given-no-5,https://a.espncdn.com/photo/2024/0422/r1322662_600x400_3-2.jpg
2026-08-14T05:50:07.487913+00:00,2026-08-14T05:36:33Z,"2026 NFL preseason Week 1: Takeaways, analysis",The NFL preseason is underway! How did rookies and players in new places perform in their debuts?,https://www.espn.com/nfl/story/_/id/49600984/2026-nfl-preseason-week-1-takeaways-analysis,https://a.espncdn.com/photo/2026/0814/r1701555_608x342_16-9.jpg
2026-08-14T05:50:07.487913+00:00,2026-08-14T03:31:29Z,"Rookie Drew Allar has 2 TD passes, 1 TD run as Steelers beat Packers 28-9 in preseason opener","— Mike McCarthy loves playing the role of teacher during what he calls “Quarterback School,” shorthand for his highly detailed process of teaching young signal callers the finer points of their position.",http://www.espn.com/nfl/recap?gameId=401873275,https://s.espncdn.com/stitcher/sports/football/nfl/events/401873275.png?templateId=espn.applewatch.awayhome.1
2026-08-14T05:50:07.487913+00:00,2026-08-14T03:18:30Z,Jacoby Brissett finds Marvin Harrison Jr. in the back of the end zone,Jacoby Brissett finds Marvin Harrison Jr. in the back of the end zone,https://www.espn.com/video/clip/_/id/49604439/jacoby-brissett-finds-marvin-harrison-jr-back-end-zone,https://espnmedia-cdn.akamaized.net/espn/media/common/2026/0813/12801ab8ec8e4bd3a67efe489dae4cdd1341/12801ab8ec8e4bd3a67efe489dae4cdd1341.jpg
2026-08-14T05:50:07.487913+00:00,2026-08-13T23:00:04Z,Jerry Jones: Very happy with Cowboys post-Micah Parsons trade,Jerry Jones likened the Micah Parsons deal to the 1989 trade of running back Herschel Walker to the Vikings that helped build the Cowboys' dynasty of the 1990s.,https://www.espn.com/nfl/story/_/id/49603782/jerry-jones-very-happy-cowboys-post-micah-parsons-trade,https://a.espncdn.com/photo/2024/0725/r1363259_600x600_1-1.jpg
2026-08-14T05:50:07.487913+00:00,2026-08-14T03:39:09Z,DJ Pickett won't budge on No. 5 amid Jayden Daniels-LSU flap,"LSU's DJ Pickett says he has no plans to change out of the No. 5 amid pushback from Jayden Daniels, with the Commanders' QB saying the situation won't be a distraction.",https://www.espn.com/college-football/story/_/id/49602842/dj-pickett-budge-no-5-amid-jayden-daniels-lsu-flap,https://a.espncdn.com/photo/2026/0813/r1701384_1296x729_16-9.jpg
2026-08-14T05:50:07.487913+00:00,2026-08-13T19:35:09Z,Fantasy football buzz: Big opportunity for Jonathon Brooks; Jordyn Tyson injured,"With Chuba Hubbard nursing a hamstring injury, 2024 second-rounder Jonathon Brooks has a chance to show what he can do.",https://www.espn.com/fantasy/football/story/_/id/40699880/fantasy-football-injuries-position-battles-nfl-news-analysis,https://a.espncdn.com/photo/2026/0813/r1701364_1296x729_16-9.jpg
2026-08-14T05:50:07.487913+00:00,2026-08-13T22:08:02Z,"Bears won't change name if they move to Indiana, McCaskey says","The Chicago Bears will not be changing their name if they move across states lines to Indiana, chairman George H. McCaskey said Thursday.",https://www.espn.com/nfl/story/_/id/49602517/bears-change-name-moved-indiana-mccaskey-says,https://a.espncdn.com/photo/2020/0506/r695975_600x400_3-2.jpg
2026-08-14T05:50:07.487913+00:00,2026-08-13T19:18:09Z,Saints rookie WR Jordyn Tyson leaves practice with injury,Saints rookie wide receiver Jordyn Tyson left practice with an injury Thursday and didn't return.,https://www.espn.com/nfl/story/_/id/49602181/saints-rookie-wr-jordyn-tyson-leaves-practice-injury,https://a.espncdn.com/photo/2026/0813/r1701356_1296x729_16-9.jpg
2026-08-14T05:50:07.487913+00:00,2026-08-13T20:39:17Z,"Source: Cardinals' Beck (rib) out, derailing rematch vs. Mendoza","Cardinals quarterback Carson Beck won't play in Thursday night's preseason game against the Raiders due to a rib injury sustained in last Thursday's Hall of Fame Game, a source told NFL Network's Ian Rapoport.",https://www.espn.com/nfl/story/_/id/49602122/source-cardinals-beck-rib-derailing-rematch-vs-mendoza,https://a.espncdn.com/photo/2026/0807/r1698803_1296x729_16-9.jpg
2026-08-14T05:50:07.487913+00:00,2026-08-13T17:40:45Z,"Moro Ojomo, Fred Johnson scuffle at Eagles camp",The 11th day of Eagles training camp was defined by a fight between defensive tackle Moro Ojomo and offensive tackle Fred Johnson that could have resulted in injury.,https://www.espn.com/nfl/story/_/id/49601462/moro-ojomo-fred-johnson-scuffle-eagles-camp,https://a.espncdn.com/photo/2026/0813/r1701311_1296x729_16-9.jpg
2026-08-14T09:44:16.208778+00:00,2026-08-14T06:16:33Z,"2026 NFL preseason Week 1: Takeaways, analysis",The NFL preseason is underway! How did rookies and players in new places perform in their debuts?,https://www.espn.com/nfl/story/_/id/49600984/2026-nfl-preseason-week-1-takeaways-analysis,https://a.espncdn.com/photo/2026/0814/r1701555_608x342_16-9.jpg
2026-08-14T20:04:18.317343+00:00,2026-08-14T19:51:11Z,Commanders' Dorance Armstrong suspended for season opener,Commanders defensive end/linebacker Dorance Armstrong has been suspended without pay for the season opener for violating the NFL's personal conduct policy.,https://www.espn.com/nfl/story/_/id/49611801/commanders-dorance-armstrong-suspended-season-opener,https://a.espncdn.com/photo/2025/1019/r1562654_600x400_3-2.jpg
2026-08-14T20:04:18.317343+00:00,2026-08-14T19:30:10Z,"Kubiak: All three QBs, including Mendoza, deserve 1st-team reps","Raiders coach Klint Kubiak says rookie quarterback Fernando Mendoza played ""good football"" in his preseason debut, adding that all three signal-callers deserve more first-team reps.",https://www.espn.com/nfl/story/_/id/49611554/kubiak-all-three-qbs-including-mendoza-deserve-1st-team-reps,https://a.espncdn.com/photo/2026/0814/r1701837_600x400_3-2.jpg
2026-08-14T20:04:18.317343+00:00,2026-08-14T18:42:19Z,Saints rookie WR Tyson to miss time due to hamstring injury,"Saints rookie wide receiver Jordyn Tyson has a right hamstring issue and will miss time, according to Saints coach Kellen Moore.",https://www.espn.com/nfl/story/_/id/49611207/saints-rookie-wr-tyson-miss-hamstring-injury,https://a.espncdn.com/photo/2026/0814/r1701821_600x400_3-2.jpg
2026-08-14T20:04:18.317343+00:00,2026-08-14T15:07:28Z,Why Canty is more worried about the Bills' defense than DJ Moore fitting in,Why Canty is more worried about the Bills' defense than DJ Moore fitting in,https://www.espn.com/video/clip/_/id/49610104/why-canty-more-worried-bills-defense-dj-moore-fitting-in,https://espnmedia-cdn.akamaized.net/espn/media/common/2026/0814/ss_20260814_110027224_3623357667/ss_20260814_110027224_3623357667.jpg
2026-08-14T20:04:18.317343+00:00,2026-08-14T15:44:35Z,Daniel Dopp cautions fantasy managers about Nico Collins' injury history,Daniel Dopp cautions fantasy managers about Nico Collins' injury history,https://www.espn.com/video/clip/_/id/49610064/daniel-dopp-cautions-fantasy-managers-nico-collins-injury-history,https://espnmedia-cdn.akamaized.net/espn/media/common/2026/0814/ss_20260814_104720526_3623339692/ss_20260814_104720526_3623339692.jpg
2026-08-14T20:04:18.317343+00:00,2026-08-14T15:08:06Z,Dopp: De'Zhaun Stribling a WR to keep an eye on for injury-plagued 49ers,Dopp: De'Zhaun Stribling a WR to keep an eye on for injury-plagued 49ers,https://www.espn.com/video/clip/_/id/49609994/dezhaun-stribling-wr-keep-eye-injury-plagued-49ers,https://espnmedia-cdn.akamaized.net/espn/media/common/2026/0814/ss_20260814_103839580_3623328654/ss_20260814_103839580_3623328654.jpg
2026-08-14T20:04:18.317343+00:00,2026-08-14T14:02:28Z,Top picks Mendoza and Love battle it out in preseason,Top picks Mendoza and Love battle it out in preseason,https://www.espn.com/video/clip/_/id/49609424/top-picks-mendoza-love-battle-preseason,https://espnmedia-cdn.akamaized.net/espn/media/common/wsc/2026/0814/65e86bfd-1b7b-4902-99f5-828fb0c3e864/65e86bfd-1b7b-4902-99f5-828fb0c3e864.jpg
2026-08-14T20:04:18.317343+00:00,2026-08-14T14:33:04Z,Smith Sr.: Aaron Rodgers' mentorship of Drew Allar shone in 3-TD debut,Smith Sr.: Aaron Rodgers' mentorship of Drew Allar shone in 3-TD debut,https://www.espn.com/video/clip/_/id/49608993/aaron-rodgers-mentorship-drew-allar-shone-3-td-debut,https://espnmedia-cdn.akamaized.net/espn/media/common/2026/0814/ss_20260814_085824145_3623227542/ss_20260814_085824145_3623227542.jpg
2026-08-14T20:04:18.317343+00:00,2026-08-14T10:55:57Z,Fantasy football rankings: Matt Bowen's quarterback tiers for 2026,Creating your own rankings tiers is an essential part of draft prep. Matt Bowen gives you a head start.,https://www.espn.com/fantasy/football/story/_/id/49585132/2026-fantasy-football-rankings-quarterback-tiers-qb,https://a.espncdn.com/photo/2026/0813/r1701247_1296x729_16-9.jpg
2026-08-14T20:04:18.317343+00:00,2026-08-14T10:50:13Z,Fantasy football rankings: Matt Bowen's tight end tiers for 2026,"Matt Bowen breaks his tight ends into tiers, helping you identify where value drops off throughout the draft.",https://www.espn.com/fantasy/football/story/_/id/49585178/2026-fantasy-football-rankings-tight-end-tiers-te,https://a.espncdn.com/photo/2025/1214/r1589299_608x342_16-9.jpg
2026-08-14T20:04:18.317343+00:00,2026-08-14T15:57:22Z,"2026 NFL training camp awards: Best position battles, more","As training camps wind down and preseason picks up, we handed out awards to some players, teams and position battles that have stood out the most.",https://www.espn.com/nfl/story/_/id/49601342/2026-nfl-training-camp-superlatives-most-likely-succeed-preseason-mvp,https://a.espncdn.com/photo/2026/0801/r1696360_608x342_16-9.jpg
2026-08-14T20:04:18.317343+00:00,2026-08-14T12:58:39Z,2027 NFL draft: College football teams with most top prospects,Which schools have the most -- and best -- talent for the 2027 NFL draft? We picked out a dozen must-watch rosters full of potential early-rounders.,https://www.espn.com/nfl/draft2027/story/_/id/49583503/2027-nfl-draft-prospect-heavy-college-teams-texas-oregon-notre-dame-miami,https://a.espncdn.com/photo/2026/0813/r1701068_608x342_16-9.jpg
2026-08-14T20:04:18.317343+00:00,2026-08-14T13:20:23Z,"2026 NFL preseason Week 1: Game takeaways, analysis",The NFL preseason is underway! How did rookies and players in new places perform in their debuts?,https://www.espn.com/nfl/story/_/id/49600984/2026-nfl-preseason-week-1-takeaways-analysis,https://a.espncdn.com/photo/2026/0814/r1701555_608x342_16-9.jpg
2026-08-15T03:09:15.788159+00:00,2026-08-15T02:47:32Z,Fantasy football Knockout league rankings: The 252 players to draft,"Rankings for knockout leagues, where the lowest-scoring team is eliminated and the last team standing wins.",https://www.espn.com/fantasy/football/story/_/id/49309401/fantasy-football-knockout-rankings-top-200,https://a.espncdn.com/photo/2026/0708/r1686582_1296x729_16-9.jpg
2026-08-15T03:09:15.788159+00:00,2026-08-15T02:34:29Z,"Dolphins' Malik Willis has impressive start, Marcus Mariota injured as Commanders win 20-7","— Malik Willis got off to an impressive start as Miami's new quarterback, leading a 14-play, 93-yard touchdown drive as the Dolphins lost 20-7 to the Washington Commanders Friday night in the preseason opener for both teams.",http://www.espn.com/nfl/recap?gameId=401873277,https://s.espncdn.com/stitcher/sports/football/nfl/events/401873277.png?templateId=espn.applewatch.awayhome.1
2026-08-15T03:09:15.788159+00:00,2026-08-14T21:33:51Z,Source: Colts' special teams coordinator has torn knee ligaments,"Colts special teams coordinator Brian Mason tore multiple ligaments in his knee after a sideline collision on the final play of Thursday night's preseason game against the Patriots, a source confirmed to ESPN",https://www.espn.com/nfl/story/_/id/49612373/colts-special-teams-coordinator-torn-knee-ligaments,https://a.espncdn.com/photo/2025/0515/r1493175_600x400_3-2.jpg
2026-08-15T03:09:15.788159+00:00,2026-08-14T21:03:39Z,Mike Clay's early 2026 fantasy football PPR rankings,"Position-by-position rankings for the 2026 fantasy season, updated throughout the summer.",https://www.espn.com/fantasy/football/story/_/id/47513496/2026-fantasy-football-rankings-ppr-mike-clay,https://a.espncdn.com/photo/2026/0330/r1636142_1296x729_16-9.jpg
2026-08-15T03:09:15.788159+00:00,2026-08-14T20:58:39Z,Fantasy football draft rankings 2026: Quarterback,"Fantasy football draft rankings from Matt Bowen, Mike Clay, Tristan H. Cockcroft, Daniel Dopp, Eric Karabell, Liz Loza, Eric Moody and Field Yates.",https://www.espn.com/fantasy/football/story/_/page/FFPreseasonRank26QB/nfl-fantasy-football-draft-rankings-2026-qb-quarterback,https://a.espncdn.com/photo/2026/0105/r1596890_1296x729_16-9.jpg
2026-08-15T03:09:15.788159+00:00,2026-08-14T20:59:14Z,Fantasy football draft rankings 2026: Running back,"Fantasy football draft rankings from Matt Bowen, Mike Clay, Tristan H. Cockcroft, Daniel Dopp, Eric Karabell, Liz Loza, Eric Moody and Field Yates.",https://www.espn.com/fantasy/football/story/_/page/FFPreseasonRank26RB/nfl-fantasy-football-draft-rankings-2026-rb-running-back,https://a.espncdn.com/photo/2025/1130/r1583040_1296x729_16-9.jpg
2026-08-15T03:09:15.788159+00:00,2026-08-14T21:17:35Z,Commanders' Dorance Armstrong suspended for season opener,Commanders defensive end/linebacker Dorance Armstrong has been suspended without pay for the season opener for violating the NFL's personal conduct policy.,https://www.espn.com/nfl/story/_/id/49611801/commanders-dorance-armstrong-suspended-season-opener,https://a.espncdn.com/photo/2025/1019/r1562654_600x400_3-2.jpg
2026-08-15T03:09:15.788159+00:00,2026-08-14T20:16:28Z,"Kubiak: All three QBs, including Mendoza, deserve 1st-team reps","Raiders coach Klint Kubiak says rookie quarterback Fernando Mendoza played ""good football"" in his preseason debut, adding that all three signal-callers deserve more first-team reps.",https://www.espn.com/nfl/story/_/id/49611554/kubiak-all-three-qbs-including-mendoza-deserve-1st-team-reps,https://a.espncdn.com/photo/2026/0814/r1701837_600x400_3-2.jpg
2026-08-15T07:45:54.710173+00:00,2026-08-15T04:21:55Z,"Jets' Geno Smith scratched vs. Bucs due to sore ankle, is day-to-day",Jets quarterback Geno Smith is day-to-day with an ankle injury that occurred Wednesday and resulted in him being scratched from the preseason opener Friday night against the Buccaneers.,https://www.espn.com/nfl/story/_/id/49614843/jets-geno-smith-scratched-vs-bucs-due-sore-ankle-day-day,https://a.espncdn.com/photo/2026/0808/r1699202_600x400_3-2.jpg
2026-08-15T07:45:54.710173+00:00,2026-08-15T05:25:11Z,"2026 NFL preseason Week 1: Game takeaways, analysis",The NFL preseason is underway! How did rookies and players in new places perform in their debuts?,https://www.espn.com/nfl/story/_/id/49600984/2026-nfl-preseason-week-1-takeaways-analysis,https://a.espncdn.com/photo/2026/0814/r1701555_608x342_16-9.jpg
2026-08-15T07:45:54.710173+00:00,2026-08-15T03:45:41Z,"Dolphins' Malik Willis has impressive start, Marcus Mariota injured as Commanders win 20-7","— Malik Willis got off to an impressive start as Miami's new quarterback, leading a 14-play, 93-yard touchdown drive as the Dolphins lost 20-7 to the Washington Commanders Friday night in the preseason opener for both teams.",http://www.espn.com/nfl/recap?gameId=401873277,https://s.espncdn.com/stitcher/sports/football/nfl/events/401873277.png?templateId=espn.applewatch.awayhome.1
2026-08-15T07:45:54.710173+00:00,2026-08-15T03:17:29Z,Rookie Cade Klubnik leads 2 scoring drives after Geno Smith is scratched in Jets' 24-16 loss to Bucs,— Cade Klubnik knew he'd make his NFL debut early in the New York Jets' preseason opener. It turned out it came even sooner than expected for the rookie fourth-rounder.,http://www.espn.com/nfl/recap?gameId=401873276,https://s.espncdn.com/stitcher/sports/football/nfl/events/401873276.png?templateId=espn.applewatch.awayhome.1
2026-08-15T19:10:38.540434+00:00,2026-08-15T13:15:06Z,"Jets' Geno Smith scratched vs. Bucs due to sore ankle, is day-to-day",Jets quarterback Geno Smith is day-to-day with an ankle injury that occurred Wednesday and resulted in him being scratched from the preseason opener Friday night against the Buccaneers.,https://www.espn.com/nfl/story/_/id/49614843/jets-geno-smith-scratched-vs-bucs-due-sore-ankle-day-day,https://a.espncdn.com/photo/2026/0808/r1699202_600x400_3-2.jpg
2026-08-15T19:10:38.540434+00:00,2026-08-15T10:39:21Z,Tua Tagovailoa says Falcons' play 'not up to standard' in loss,"Falcons quarterback Tua Tagovailoa said he was ""frustrated and disappointed"" after a preseason loss to the Broncos, during which he played two series and was 3-of-5 passing for 22 yards.",https://www.espn.com/nfl/story/_/id/49614782/falcons-qb-tua-tagovailoa-frustrated-disappointed-play-preseason-loss-broncos,https://a.espncdn.com/photo/2026/0815/r1701989_600x400_3-2.jpg
2026-08-16T03:28:59.132030+00:00,2026-08-16T03:19:30Z,Camden Brown stands out for Cowboys with 2 touchdown catches in 17-7 preseason win against Seahawks,"— Rookie Camden Brown had two touchdown catches, including a diving, one-handed snag, to help lead the Dallas Cowboys past the Seattle Seahawks 17-7 in the teams’ preseason opener Saturday night.",http://www.espn.com/nfl/recap?gameId=401873279,https://s.espncdn.com/stitcher/sports/football/nfl/events/401873279.png?templateId=espn.applewatch.awayhome.1
2026-08-16T03:28:59.132030+00:00,2026-08-16T03:06:56Z,"2026 NFL preseason Week 1: Game takeaways, analysis",The NFL preseason is underway! How did rookies and players in new places perform in their debuts?,https://www.espn.com/nfl/story/_/id/49600984/2026-nfl-preseason-week-1-takeaways-analysis,https://a.espncdn.com/photo/2026/0816/r1702347_608x342_16-9.jpg
2026-08-16T03:28:59.132030+00:00,2026-08-16T01:34:23Z,Rams' top pick Simpson shines in 2-TD preseason debut vs. Chiefs,"Rams rookie Ty Simpson, the second quarterback taken in this year's draft, showed plenty of poise in going 21-of-25 for 190 yards and two touchdowns in his preseason debut against the Chiefs on Saturday.",https://www.espn.com/nfl/story/_/id/49622863/rams-top-pick-simpson-shines-2-td-preseason-debut-vs-chiefs,https://a.espncdn.com/photo/2026/0816/r1702323_600x400_3-2.jpg
2026-08-16T03:28:59.132030+00:00,2026-08-16T01:53:30Z,Zach Wilson stands out for the Saints in a 24-20 preseason loss to the Jaguars,"— Zach Wilson, saddled with the “draft bust” label as he tries to salvage his NFL career, is giving the New Orleans Saints reasons to take him seriously as a potential backup to Tyler Shough.",http://www.espn.com/nfl/recap?gameId=401873281,https://s.espncdn.com/stitcher/sports/football/nfl/events/401873281.png?templateId=espn.applewatch.awayhome.1
2026-08-16T03:28:59.132030+00:00,2026-08-16T00:29:28Z,Deshaun Watson returns with 'awesome' first half for Browns,"Quarterback Deshaun Watson, in his first game since the 2024 season, completed 11 of 15 passes for 126 yards and led two scoring drives, the only points for the Cleveland Browns in a 34-10 preseason loss to the Chicago Bears on Saturday at Soldier Field.",https://www.espn.com/nfl/story/_/id/49622047/deshaun-watson-returns-awesome-first-half-browns,https://a.espncdn.com/photo/2026/0815/r1702266_600x600_1-1.jpg
2026-08-16T03:28:59.132030+00:00,2026-08-15T20:28:36Z,Cardinals rookie RB Love to miss a week due to sore ankle,"Cardinals rookie running back Jeremiyah Love will miss the next week to let a sore ankle he injured Thursday night against the Raiders heal, coach Mike LaFleur said.",https://www.espn.com/nfl/story/_/id/49619508/cardinals-rookie-rb-love-miss-week-due-sore-ankle,https://a.espncdn.com/photo/2026/0813/r1701252_600x400_3-2.jpg
2026-08-16T03:28:59.132030+00:00,2026-08-15T16:06:28Z,Highest-paid NFL players: Most guaranteed money at every position,We have seen a fair share of massive contracts in the NFL. So who tops the highest-paid list at every position as of today?,https://www.espn.com/nfl/story/_/id/34096853/highest-paid-nfl-players-tracking-most-money-guaranteed-per-year-every-position,https://a.espncdn.com/photo/2026/0204/r1610537_608x342_16-9.jpg
2026-08-16T03:28:59.132030+00:00,2026-08-16T02:36:02Z,"Seahawks, CB Witherspoon agree on extension: 4 years, $132M, sources say","Three-time Pro Bowl cornerback Devon Witherspoon and the Seattle Seahawks reached an agreement on an extension Saturday, with sources telling ESPN's Adam Schefter it's a four-year deal worth $132 million.",https://www.espn.com/nfl/story/_/id/49619266/sources-seahawks-cb-witherspoon-agree-4-year-132m-deal,https://a.espncdn.com/photo/2026/0811/r1700533_600x400_3-2.jpg
2026-08-16T07:48:19.747130+00:00,2026-08-16T04:48:29Z,Brown stands out for Cowboys with 2 TD catches in 17-7 win over Seahawks,"— Rookie Camden Brown had two touchdown catches, including a diving, one-handed snag, to help lead the Dallas Cowboys past the Super Bowl champion Seattle Seahawks 17-7 on Saturday night in the preseason opener for both team.",http://www.espn.com/nfl/recap?gameId=401873279,https://s.espncdn.com/stitcher/sports/football/nfl/events/401873279.png?templateId=espn.applewatch.awayhome.1
2026-08-16T07:48:19.747130+00:00,2026-08-16T03:48:30Z,"2026 NFL preseason Week 1: Game takeaways, analysis",The NFL preseason is underway! How did rookies and players in new places perform in their debuts?,https://www.espn.com/nfl/story/_/id/49600984/2026-nfl-preseason-week-1-takeaways-analysis,https://a.espncdn.com/photo/2026/0816/r1702347_608x342_16-9.jpg
2026-08-16T07:48:19.747130+00:00,2026-08-16T05:52:50Z,"Seahawks, CB Witherspoon agree on extension: 4 years, $132M, sources say","Three-time Pro Bowl cornerback Devon Witherspoon and the Seattle Seahawks reached an agreement on an extension Saturday, with sources telling ESPN's Adam Schefter it's a four-year deal worth $132 million.",https://www.espn.com/nfl/story/_/id/49619266/sources-seahawks-cb-witherspoon-agree-4-year-132m-deal,https://a.espncdn.com/photo/2026/0811/r1700533_600x400_3-2.jpg
2026-08-16T13:47:33.824383+00:00,2026-08-16T12:56:11Z,"Aaron Donald decision has no 'invisible deadline,' Sean McVay says","Rams coach Sean McVay says he won't put an ""invisible deadline"" on Aaron Donald to come out of retirement but added that he hopes the former star defensive tackle makes a decision ""sooner than later.""",https://www.espn.com/nfl/story/_/id/49627652/aaron-donald-decision-no-invisible-deadline-sean-mcvay-says,https://a.espncdn.com/photo/2026/0813/r1701255_1296x729_16-9.jpg
2026-08-16T13:47:33.824383+00:00,2026-08-16T10:00:03Z,Why Titans believe Daboll can maximize Ward's potential,The Titans are looking for the Cam Ward-Brian Daboll relationship to be as effective as what Daboll enjoyed in Buffalo.,https://www.espn.com/nfl/story/_/id/49619516/why-titans-believe-brian-daboll-maximize-cam-ward-potential,https://a.espncdn.com/photo/2026/0815/r1702127_1296x729_16-9.jpg
2026-08-16T13:47:33.824383+00:00,2026-08-16T11:29:46Z,Five Patriots who stood out in their first preseason game,"From Kyle Williams to K.J. Britt, here are the players whose performances should have them ascending the Patriots' ranks.",https://www.espn.com/nfl/story/_/id/49622601/new-england-patriots-preseason-risers-game,https://a.espncdn.com/photo/2026/0815/r1702295_608x342_16-9.jpg
2026-08-16T13:47:33.824383+00:00,2026-08-16T13:22:01Z,"Seahawks, Witherspoon reach extension: 4 years, $132M, sources say","Three-time Pro Bowl cornerback Devon Witherspoon and the Seahawks have reached an agreement on an extension, with sources telling ESPN's Adam Schefter it's a four-year deal worth $132 million.",https://www.espn.com/nfl/story/_/id/49619266/sources-seahawks-cb-witherspoon-agree-4-year-132m-deal,https://a.espncdn.com/photo/2026/0811/r1700533_600x400_3-2.jpg
2026-08-17T03:29:49.512857+00:00,2026-08-17T01:36:41Z,Sources: Cardinals RB Love likely to sit rest of preseason,"Rookie running back Jeremiyah Love, who played 23 snaps Thursday against the Las Vegas Raiders, is dealing with a high ankle sprain and is unlikely to play the rest of the preseason for the Arizona Cardinals, sources told ESPN's Adam Schefter on Sunday.",https://www.espn.com/nfl/story/_/id/49634102/cardinals-rb-love-likely-sit-rest-preseason,https://a.espncdn.com/photo/2026/0817/r1702805_600x600_1-1.jpg
2026-08-17T03:29:49.512857+00:00,2026-08-17T00:49:42Z,"Kevin O'Connell, Vikings 'crushed' for Jamal Adams after injury","Kevin O'Connell, Vikings 'crushed' for Jamal Adams after injury",https://www.espn.com/video/clip/_/id/49633977/kevin-oconnell-vikings-crushed-jamal-adams-injury,https://espnmedia-cdn.akamaized.net/espn/media/common/2026/0816/dm_260816_nfl_oconnell_sound/dm_260816_nfl_oconnell_sound.jpg
2026-08-17T03:29:49.512857+00:00,2026-08-17T00:51:23Z,Minnesota Vikings lose Adams for season due to knee injury,"Veteran defender Jamal Adams will miss the 2026 season because of a right knee injury he suffered Saturday in the Minnesota Vikings' 13-10 preseason victory over the New York Giants, the NFL Network reported Sunday.",https://www.espn.com/nfl/story/_/id/49633559/minnesota-vikings-lose-adams-season-due-knee-injury,https://a.espncdn.com/photo/2026/0817/r1702789_1296x729_16-9.jpg
2026-08-17T03:29:49.512857+00:00,2026-08-17T00:27:55Z,Ed Dodds suggests Colts will keep Anthony Richardson for depth,Colts assistant general manager Ed Dodds suggested Sunday that Anthony Richardson Sr. will remain in Indianapolis because the Colts intend to prioritize quarterback depth.,https://www.espn.com/nfl/story/_/id/49633610/ed-dodds-suggests-colts-keep-anthony-richardson-depth,https://a.espncdn.com/photo/2026/0816/r1702783_600x400_3-2.jpg
2026-08-17T03:29:49.512857+00:00,2026-08-17T00:26:21Z,"John Niland, who helped Cowboys win 1st Super Bowl, dies at 82","John Niland, a three-time All-Pro guard who helped the Cowboys win their first Super Bowl championship, died Saturday. He was 82.",https://www.espn.com/nfl/story/_/id/49633424/john-niland-dies-82,https://a.espncdn.com/photo/2026/0816/r1702787_600x400_3-2.jpg
2026-08-17T03:29:49.512857+00:00,2026-08-16T22:09:42Z,"Colts, Pacers donate $125,000 each to Indiana flood relief","The NFL's Indianapolis Colts and NBA's Indiana Pacers are donating $125,000 each to flood relief efforts throughout the state. The WNBA's Indiana Fever and the G League basketball team Noblesville Boom also joined the effort.",https://www.espn.com/nfl/story/_/id/49632088/colts-pacers-donate-125000-indiana-flood-relief,https://a.espncdn.com/photo/2025/0515/r1493175_1296x729_16-9.jpg
2026-08-17T03:29:49.512857+00:00,2026-08-16T21:20:48Z,Retired Aaron Donald works out for Rams for second time,Aaron Donald worked out for the Los Angeles Rams on Saturday as he continues his process to determine whether he wants to come out of retirement.,https://www.espn.com/nfl/story/_/id/49631972/retired-aaron-donald-works-rams-second,https://a.espncdn.com/photo/2026/0813/r1701255_1296x729_16-9.jpg
2026-08-17T03:29:49.512857+00:00,2026-08-16T21:37:36Z,CB Keisean Nixon not guaranteed starting role with Packers,"The deeper the Packers get into training camp, the more uncertain it is that Keisean Nixon will be one of their opening-day starting cornerbacks.",https://www.espn.com/nfl/story/_/id/49631890/cb-keisean-nixon-not-guaranteed-starting-role-packers,https://a.espncdn.com/photo/2026/0816/r1702699_600x400_3-2.jpg
2026-08-17T03:29:49.512857+00:00,2026-08-16T20:57:23Z,LT Ozzy Trapilo (knee) now eligible to practice with Bears,"The Bears activated Ozzy Trapilo off the physically unable to perform list on Sunday, seven months after the left tackle ruptured his patellar tendon in the postseason.",https://www.espn.com/nfl/story/_/id/49631637/lt-ozzy-trapilo-knee-now-eligible-practice-bears,https://a.espncdn.com/photo/2026/0816/r1702689_600x400_3-2.jpg
2026-08-17T03:29:49.512857+00:00,2026-08-16T18:38:23Z,Commanders QB Marcus Mariota has sprained MCL,"Commanders quarterback Marcus Mariota suffered a sprained right knee and will miss the rest of the preseason, but he is expected to be ready for the regular-season opener.",https://www.espn.com/nfl/story/_/id/49628873/commanders-qb-marcus-mariota-sprained-mcl-sources-say,https://a.espncdn.com/photo/2025/1201/r1583143_1296x729_16-9.jpg
2026-08-17T03:29:49.512857+00:00,2026-08-16T16:14:37Z,"Aaron Donald decision has no 'invisible deadline,' Sean McVay says","Rams coach Sean McVay says he won't put an ""invisible deadline"" on Aaron Donald to come out of retirement but added that he hopes the former star defensive tackle makes a decision ""sooner than later.""",https://www.espn.com/nfl/story/_/id/49627652/aaron-donald-decision-no-invisible-deadline-sean-mcvay-says,https://a.espncdn.com/photo/2026/0813/r1701255_1296x729_16-9.jpg
2026-08-17T03:29:49.512857+00:00,2026-08-16T16:31:58Z,Giants QB Jaxson Dart 'puzzled' by latest concussion test request,Giants quarterback Jaxson Dart said he is 'puzzled' after being checked for a concussion during Saturday's preseason game against the Vikings.,https://www.espn.com/nfl/story/_/id/49622134/giants-qb-jaxson-dart-puzzled-latest-concussion-test,https://a.espncdn.com/photo/2026/0815/r1702277_600x400_3-2.jpg
2026-08-17T19:43:42.965851+00:00,2026-08-17T19:41:12Z,Eric Karabell's 2026 fantasy football flex and superflex rankings,"A look at the top 200 QBs, RBs, WRs and TEs for 2026 drafts, updated throughout the fantasy football offseason.",https://www.espn.com/fantasy/football/story/_/id/47539664/2026-fantasy-football-rankings-flex-superflex-ppr-eric-karabell,https://a.espncdn.com/photo/2025/1218/r1591212_1296x729_16-9.jpg
2026-08-17T19:43:42.965851+00:00,2026-08-17T19:02:31Z,DeMarcus Ware on Von Miller to Cowboys: 'This is all he wanted',"Signing with the Cowboys, Miller is headed back home to Texas, where he grew up and played for Texas A&M.",https://www.espn.com/nfl/story/_/id/49640032/nfl-dallas-cowboys-von-miller-demarcus-ware,https://a.espncdn.com/photo/2026/0817/r1703049_608x342_16-9.jpg
2026-08-17T19:43:42.965851+00:00,2026-08-17T18:29:17Z,"Fantasy football mock draft: Puka Nacua, Jeremiyah Love drop due to recent news",Injury news and word of potential suspensions caused the draft board to change a bit in our latest mock.,https://www.espn.com/fantasy/football/story/_/page/FFMockDraft26-49638194/fantasy-football-mock-draft-10-teams-1-2-ppr,https://a.espncdn.com/photo/2026/0813/r1701410_1296x729_16-9.jpg
2026-08-17T19:43:42.965851+00:00,2026-08-17T17:56:08Z,Aaron Glenn: Breece Hall groin injury doesn't seem serious,Aaron Glenn: Breece Hall groin injury doesn't seem serious,https://www.espn.com/video/clip/_/id/49640042/breece-hall-groin-injury-seem-serious,https://espnmedia-cdn.akamaized.net/espn/media/common/wsc/2026/0817/adf678a9-746e-4db8-930e-29fea7ef403c/adf678a9-746e-4db8-930e-29fea7ef403c.jpg
2026-08-17T19:43:42.965851+00:00,2026-08-17T16:41:53Z,Field Yates' fantasy football PPR rankings: Top 160 for 2026,"Field provides his latest rankings for the upcoming season, which will be updated throughout the summer.",https://www.espn.com/fantasy/football/story/_/id/48711830/2026-fantasy-football-rankings-ppr-field-yates,https://a.espncdn.com/photo/2026/0112/r1599486_1296x729_16-9.jpg
2026-08-17T19:43:42.965851+00:00,2026-08-17T17:24:04Z,"Jets' RB Hall strains right groin, but likely not serious injury","New York Jets running back Breece Hall strained his right groin in practice on Monday and will have tests to determine the severity of the injury, but coach Aaron Glenn says he didn't think Hall's injury is a big deal.",https://www.espn.com/nfl/story/_/id/49639624/jets-rb-hall-strains-right-groin-likely-not-serious-injury,https://a.espncdn.com/photo/2026/0815/r1702061_600x400_3-2.jpg
2026-08-17T19:43:42.965851+00:00,2026-08-17T15:51:02Z,Fantasy football buzz: How much should Jeremiyah Love fall in draft rankings?,Eric Karabell gives his thoughts on how to approach the Cardinals' injured rookie back in drafts.,https://www.espn.com/fantasy/football/story/_/id/40699880/fantasy-football-injuries-position-battles-nfl-news-analysis,https://a.espncdn.com/photo/2026/0817/r1702917_1296x729_16-9.jpg
2026-08-17T19:43:42.965851+00:00,2026-08-17T15:58:59Z,Why Field Yates is starting to get nervous about Emeka Egbuka,Why Field Yates is starting to get nervous about Emeka Egbuka,https://www.espn.com/video/clip/_/id/49638879/why-field-yates-starting-get-nervous-emeka-egbuka,https://espnmedia-cdn.akamaized.net/espn/media/common/2026/0817/ss_20260817_104121843_3627167683/ss_20260817_104121843_3627167683.jpg
2026-08-17T19:43:42.965851+00:00,2026-08-17T15:58:06Z,Mike Clay: 'I'm still all in on Jeremiyah Love' despite high ankle sprain,Mike Clay: 'I'm still all in on Jeremiyah Love' despite high ankle sprain,https://www.espn.com/video/clip/_/id/49638822/all-jeremiyah-love-high-ankle-sprain,https://espnmedia-cdn.akamaized.net/espn/media/common/2026/0817/ss_20260817_103640955_3627165671/ss_20260817_103640955_3627165671.jpg
2026-08-17T19:43:42.965851+00:00,2026-08-17T15:58:10Z,Dolphins activate rookie Chris Bell ahead of practice debut,"The Dolphins activated rookie wide receiver Chris Bell from the active/non-football injury list Monday, paving the way for him to make his practice debut.",https://www.espn.com/nfl/story/_/id/49638440/dolphins-activate-chris-bell-paving-way-practice-debut,https://a.espncdn.com/photo/2026/0817/r1702956_1296x729_16-9.jpg
2026-08-17T19:43:42.965851+00:00,2026-08-17T10:00:01Z,"Saints' offense passes one test, with Cowboys, Rams up next",Shough and the starting offense got about 50 snaps of work against the Jaguars' first team in their joint practice.,https://www.espn.com/nfl/story/_/id/49619693/new-orleans-saints-offense-passes-one-test-joint-practice-jaguars-cowboys-rams-next,https://a.espncdn.com/photo/2026/0815/r1702134_1296x729_16-9.jpg
2026-08-17T19:43:42.965851+00:00,2026-08-17T19:41:21Z,"Vikings lose Jamal Adams for season, sign undrafted Phillips",The Minnesota Vikings on Monday placed veteran defender Jamal Adams on season-ending injured reserve due to a torn right quadriceps tendon that he suffered Saturday in the Vikings' 13-10 preseason win over the New York Giants at MetLife Stadium.,https://www.espn.com/nfl/story/_/id/49633559/minnesota-vikings-lose-adams-season-due-knee-injury,https://a.espncdn.com/photo/2026/0817/r1702789_1296x729_16-9.jpg
2026-08-18T03:12:52.368453+00:00,2026-08-18T00:48:15Z,"Bears RB Kyle Monangai (knee) expected to miss multiple weeks, source says","Bears running back Kyle Monangai is expected to miss multiple weeks after sustaining a knee injury during practice on Sunday, sources told ESPN's Jeremy Fowler.",https://www.espn.com/nfl/story/_/id/49643703/bears-rb-kyle-monangai-knee-expected-miss-multiple-weeks-source-says,https://a.espncdn.com/photo/2026/0818/r1703218_600x400_3-2.jpg
2026-08-18T03:12:52.368453+00:00,2026-08-17T22:59:13Z,DB Wright leaves Bengals preseason to pursue acting,Rookie Ceyair Wright -- who starred alongside LeBron James in 'Space Jam: A New Legacy' -- is giving new meaning to dual threat.,https://www.espn.com/nfl/story/_/id/49642143/ceyair-wright-cincinnati-bengals-space-jam-2-actor-opportunity,https://a.espncdn.com/photo/2026/0817/r1703133_608x342_16-9.jpg
2026-08-18T03:12:52.368453+00:00,2026-08-18T00:13:24Z,Sources: Saints rookie WR Jordyn Tyson could miss two months,"New Orleans Saints rookie wide receiver Jordyn Tyson, 22, the No. 8 pick out of Arizona State who injured his hamstring in a practice last week, could miss the next two months, sources told Ian Rapoport and Mike Garofolo of the NFL Network on Monday.",https://www.espn.com/nfl/story/_/id/49642899/saints-rookie-wr-jordyn-tyson-miss-two-months,https://a.espncdn.com/photo/2026/0817/r1703175_600x600_1-1.jpg
2026-08-18T03:12:52.368453+00:00,2026-08-17T23:07:23Z,Giants' Malik Nabers 'felt good' in 1st full-speed live drills,Giants wide receiver Malik Nabers participated Monday in full-speed live drills for the first time since tearing the ACL and meniscus in his right knee Week 4 of last season.,https://www.espn.com/nfl/story/_/id/49642816/new-york-giants-receiver-malik-nabers-felt-good-first-full-speed-live-drills,https://a.espncdn.com/photo/2026/0817/r1703170_600x400_3-2.jpg
2026-08-18T03:12:52.368453+00:00,2026-08-17T22:32:45Z,Chargers' McDaniel lauds Herbert's progression in offense,"New offensive coordinator Mike McDaniel, during a media availability Monday, spoke glowingly of Los Angeles Chargers quarterback Justin Herbert's work this summer in training camp, saying, ""He's been everything that I'd hoped and more.""",https://www.espn.com/nfl/story/_/id/49642371/chargers-mcdaniel-lauds-herbert-progression-offense,https://a.espncdn.com/photo/2026/0817/r1703144_600x600_1-1.jpg
2026-08-18T03:12:52.368453+00:00,2026-08-17T20:43:12Z,"Rams not looking to rush WR Puka Nacua, DE Myles Garrett back to practice","The Rams want Puka Nacua and Myles Garrett to be 100% healthy before they return from injuries, coach Sean McVay said.",https://www.espn.com/nfl/story/_/id/49641695/rams-not-looking-rush-wr-puka-nacua-de-myles-garrett-back-practice,https://a.espncdn.com/photo/2026/0817/r1703115_600x400_3-2.jpg
2026-08-18T03:12:52.368453+00:00,2026-08-17T21:29:50Z,"Fantasy football mock draft: Puka Nacua, Jeremiyah Love drop due to recent news",Injury news and word of potential suspensions caused the draft board to change a bit in our latest mock.,https://www.espn.com/fantasy/football/story/_/page/FFMockDraft26-49638194/fantasy-football-mock-draft-10-teams-1-2-ppr,https://a.espncdn.com/photo/2026/0813/r1701410_1296x729_16-9.jpg
2026-08-18T08:04:01.299446+00:00,2026-08-18T04:04:36Z,"Fantasy football sleepers, busts and breakouts for 2026","Which players will surprise, disappoint or make a big jump this fantasy season? Our analysts give their picks.",https://www.espn.com/fantasy/football/story/_/page/FFSleepBustBreak26-49030808/fantasy-football-2026-rankings-nfl-sleepers-breakouts-busts,https://a.espncdn.com/photo/2026/0702/fan_breakout-sleeper-bust_16x9_608x342.jpg
2026-08-18T08:04:01.299446+00:00,2026-08-18T03:50:38Z,"Fantasy football mock draft: Puka Nacua, Jeremiyah Love drop due to recent news",Injury news and word of potential suspensions caused the draft board to change a bit in our latest mock.,https://www.espn.com/fantasy/football/story/_/page/FFMockDraft26-49638194/fantasy-football-mock-draft-10-teams-1-2-ppr,https://a.espncdn.com/photo/2026/0813/r1701410_1296x729_16-9.jpg
2026-08-18T08:04:01.299446+00:00,2026-08-18T03:27:21Z,Fantasy football rankings: Matt Bowen's quarterback tiers for 2026,Creating your own rankings tiers is an essential part of draft prep. Matt Bowen gives you a head start.,https://www.espn.com/fantasy/football/story/_/id/49585132/2026-fantasy-football-rankings-quarterback-tiers-qb,https://a.espncdn.com/photo/2026/0813/r1701247_1296x729_16-9.jpg
2026-08-18T08:04:01.299446+00:00,2026-08-18T04:56:15Z,Source: WR Keenan Allen agrees to one-year deal with Colts,"The Colts secured a one-year deal with Keenan Allen, 34, a team source told ESPN, confirming multiple reports on Monday, reuniting the veteran with Indianapolis coach Shane Steichen, who spent several seasons with the wideout while on the Chargers' staff.",https://www.espn.com/nfl/story/_/id/49644692/reports-wr-keenan-allen-agrees-one-year-deal-colts,https://a.espncdn.com/photo/2026/0818/r1703275_600x600_1-1.jpg
2026-08-18T08:04:01.299446+00:00,2026-08-18T03:41:15Z,"Fantasy football buzz: How Jordyn Tyson's injury affects Chris Olave, Tyler Shough",Matt Bowen explains whether you should still draft the Saints rookie and how his absence impacts others.,https://www.espn.com/fantasy/football/story/_/id/40699880/fantasy-football-injuries-position-battles-nfl-news-analysis,https://a.espncdn.com/photo/2026/0818/r1703254_1296x729_16-9.jpg
2026-08-18T19:40:05.945165+00:00,2026-08-18T13:46:19Z,Falcons sign veteran Za'Darius Smith to aid pass rush,Za'Darius Smith has signed a one-year deal with the Falcons to help bolster their pass rush after losing Jalon Walker and James Pearce Jr. for an extended period.,https://www.espn.com/nfl/story/_/id/49648078/falcons-sign-veteran-zadarius-smith-bolster-pass-rush,https://a.espncdn.com/photo/2025/1013/r1559593_1296x729_16-9.jpg
2026-08-18T19:40:05.945165+00:00,2026-08-18T13:14:44Z,Mike Clay's early 2026 fantasy football PPR rankings,"Position-by-position rankings for the 2026 fantasy season, updated throughout the summer.",https://www.espn.com/fantasy/football/story/_/id/47513496/2026-fantasy-football-rankings-ppr-mike-clay,https://a.espncdn.com/photo/2026/0330/r1636142_1296x729_16-9.jpg
2026-08-18T19:40:05.945165+00:00,2026-08-18T13:00:19Z,Fantasy football Knockout league rankings: The 252 players to draft,"Rankings for knockout leagues, where the lowest-scoring team is eliminated and the last team standing wins.",https://www.espn.com/fantasy/football/story/_/id/49309401/fantasy-football-knockout-rankings-top-200,https://a.espncdn.com/photo/2026/0708/r1686582_1296x729_16-9.jpg
2026-08-18T19:40:05.945165+00:00,2026-08-18T12:48:52Z,"Fantasy football sleepers, busts and breakouts for 2026","Which players will surprise, disappoint or make a big jump this fantasy season? Our analysts give their picks.",https://www.espn.com/fantasy/football/story/_/page/FFSleepBustBreak26-49030808/fantasy-football-2026-rankings-nfl-sleepers-breakouts-busts,https://a.espncdn.com/photo/2026/0702/fan_breakout-sleeper-bust_16x9_608x342.jpg
2026-08-18T19:40:05.945165+00:00,2026-08-18T12:32:47Z,How Jordyn Tyson's injury could impact the Saints this season,How Jordyn Tyson's injury could impact the Saints this season,https://www.espn.com/video/clip/_/id/49647746/how-jordyn-tyson-injury-impact-saints-season,https://espnmedia-cdn.akamaized.net/espn/media/common/2026/0818/ss_20260818_082615304_3627959508/ss_20260818_082615304_3627959508.jpg
2026-08-18T19:40:05.945165+00:00,2026-08-18T10:43:49Z,"Eric Moody's draft-day targets: Kyler Murray, Kenny Gainwell among top values",Eric Moody lists the players he's most excited about at different junctures of fantasy football drafts.,https://www.espn.com/fantasy/football/story/_/id/49639036/fantasy-football-targets-draft-values-sleepers-breakouts,https://a.espncdn.com/photo/2026/0818/r1702946_1296x729_16-9.jpg
2026-08-18T19:40:05.945165+00:00,2026-08-18T10:41:24Z,What we've seen from Travis Hunter at Jaguars training camp,Hunter is almost through his second NFL training camp. What has stood out from his split time at receiver and cornerback?,https://www.espn.com/nfl/story/_/id/49640399/jacksonville-jaguars-travis-hunter-2026-training-camp-takeaways,https://a.espncdn.com/photo/2026/0817/r1703048_608x342_16-9.jpg
2026-08-18T19:40:05.945165+00:00,2026-08-18T10:00:11Z,Texans ready to feature David Montgomery's dual-threat ability,Houston traded for the running back and hopes he will complement quarterback C.J. Stroud.,https://www.espn.com/nfl/story/_/id/49640061/houston-texans-rb-david-montgomery-spark-offense-cj-stroud,https://a.espncdn.com/photo/2026/0817/r1703142_608x342_16-9.jpg
2026-08-18T19:40:05.945165+00:00,2026-08-18T12:50:24Z,Source: WR Keenan Allen agrees to one-year deal with Colts,"The Colts secured a one-year deal with Keenan Allen, 34, a team source told ESPN, confirming multiple reports on Monday, reuniting the veteran with Indianapolis coach Shane Steichen, who spent several seasons with the wideout while on the Chargers' staff.",https://www.espn.com/nfl/story/_/id/49644692/reports-wr-keenan-allen-agrees-one-year-deal-colts,https://a.espncdn.com/photo/2026/0818/r1703275_600x600_1-1.jpg
2026-08-19T03:25:56.985995+00:00,2026-08-19T02:34:57Z,Multiple brawls mar Saints-Cowboys joint practice session,The Cowboys and Saints had so many fights during their joint session Tuesday that the coaches of each team discussed whether they needed to cancel the practice.,https://www.espn.com/nfl/story/_/id/49653675/multiple-brawls-mar-saints-cowboys-joint-practice-session,https://a.espncdn.com/photo/2026/0224/r1619399_600x400_3-2.jpg
2026-08-19T03:25:56.985995+00:00,2026-08-19T01:22:02Z,Todd Bowles game-planning for Chiefs without hold-in Vita Vea,"The Buccaneers' Vita Vea, a hold-in, remains absent from training camp, and coach Todd Bowles acknowledged the realities of not having the Pro Bowl nose tackle on the field.",https://www.espn.com/nfl/story/_/id/49652817/todd-bowles-game-planning-chiefs-hold-vita-vea,https://a.espncdn.com/photo/2026/0818/r1703619_600x400_3-2.jpg
2026-08-19T03:25:56.985995+00:00,2026-08-18T21:40:46Z,"Fantasy football buzz: Colts sign Keenan Allen, Giants adding Najee Harris",Matt Bowen looks at what kind of impact Keenan Allen and Najee Harris will have on their new teams.,https://www.espn.com/fantasy/football/story/_/id/40699880/fantasy-football-injuries-position-battles-nfl-news-analysis,https://a.espncdn.com/photo/2026/0818/r1703561_2_608x342_16-9.jpg
2026-08-19T03:25:56.985995+00:00,2026-08-18T20:46:28Z,Shanahan dismisses idea RB McCaffrey sitting out for new deal,"Kyle Shanahan dismissed the idea that Christian McCaffrey is sitting out practice because of a desire for a new contract, saying the team is merely being cautious with its star running back.",https://www.espn.com/nfl/story/_/id/49651328/shanahan-dismisses-idea-rb-mccaffrey-sitting-new-deal,https://a.espncdn.com/photo/2026/0818/r1703544_600x400_3-2.jpg
2026-08-19T03:25:56.985995+00:00,2026-08-18T18:15:47Z,Chargers' Tyler Biadasz carted off with left leg injury,Chargers center Tyler Biadasz was carted off the field after 49ers defensive tackle Sebastian Valdez fell into his left leg during Tuesday's joint practice.,https://www.espn.com/nfl/story/_/id/49650712/chargers-tyler-biadasz-carted-left-leg-injury,https://a.espncdn.com/photo/2026/0818/r1703504_1296x729_16-9.jpg
2026-08-19T03:25:56.985995+00:00,2026-08-18T21:57:18Z,RB Najee Harris has 'a lot to prove' after signing with Giants,"The Giants have signed free agent running back Najee Harris to a one-year deal, the team announced Tuesday.",https://www.espn.com/nfl/story/_/id/49650142/sources-giants-signing-rb-najee-harris-one-year-deal,https://a.espncdn.com/photo/2025/0710/r1517466_600x400_3-2.jpg
2026-08-19T03:25:56.985995+00:00,2026-08-18T23:31:43Z,Sources: Seahawks still plan on signing Terrion Arnold,"The Seattle Seahawks are still planning to sign cornerback Terrion Arnold, but it will take a while, as they are working through the timing, sources told NFL Network.",https://www.espn.com/nfl/story/_/id/49649996/sources-seahawks-plan-signing-terrion-arnold,https://a.espncdn.com/photo/2026/0811/r1700167_1296x729_16-9.jpg
2026-08-19T03:25:56.985995+00:00,2026-08-18T18:06:01Z,Why Darius Butler is excited about Keenan Allen joining the Colts,Why Darius Butler is excited about Keenan Allen joining the Colts,https://www.espn.com/video/clip/_/id/49649691/why-darius-butler-excited-keenan-allen-joining-colts,https://espnmedia-cdn.akamaized.net/espn/media/common/2026/0818/ss_20260818_123227651_3628094/ss_20260818_123227651_3628094.jpg
2026-08-19T03:25:56.985995+00:00,2026-08-18T18:16:23Z,"Jets RB Hall expected to miss 2-3 weeks, be ready for opener","Jets starting running back Breece Hall will miss two to three weeks with a groin strain but is expected to be ""ready for the regular season,"" coach Aaron Glenn said Tuesday.",https://www.espn.com/nfl/story/_/id/49649065/jets-rb-hall-expected-miss-2-3-weeks-ready-opener,https://a.espncdn.com/photo/2026/0508/r1655464_576x324_16-9.jpg
2026-08-19T03:25:56.985995+00:00,2026-08-18T15:44:36Z,Why the 'Fantasy Focus' crew isn't changing their draft approach with CMC,Why the 'Fantasy Focus' crew isn't changing their draft approach with CMC,https://www.espn.com/video/clip/_/id/49648814/why-fantasy-focus-crew-changing-their-draft-approach-cmc,https://espnmedia-cdn.akamaized.net/espn/media/common/2026/0818/ss_20260818_102739030_3628005647/ss_20260818_102739030_3628005647.jpg
2026-08-19T08:05:15.471023+00:00,2026-08-19T05:01:44Z,"Eric Moody's draft-day targets: Kyler Murray, Kenny Gainwell among top values",Eric Moody lists the players he's most excited about at different junctures of fantasy football drafts.,https://www.espn.com/fantasy/football/story/_/id/49639036/fantasy-football-targets-draft-values-sleepers-breakouts,https://a.espncdn.com/photo/2026/0818/r1702946_1296x729_16-9.jpg
2026-08-19T14:08:53.293410+00:00,2026-08-19T14:06:30Z,Source: Saints RB Kamara out at least 1 month with MCL sprain,"Saints RB Alvin Kamara is expected to be sidelined for at least the next month due to a sprained MCL, a source told ESPN's Adam Schefter.",https://www.espn.com/nfl/story/_/id/49658952/source-saints-rb-kamara-least-month-mcl-sprain,https://a.espncdn.com/photo/2026/0722/r1692272_600x400_3-2.jpg
2026-08-19T14:08:53.293410+00:00,2026-08-19T12:16:15Z,Coach Carter brings old-school toughness to Vikings' O-line,Minnesota's new offensive line coach is pushing players beyond their comfort zone -- and they're buying in.,https://www.espn.com/nfl/story/_/id/49650193/nfl-minnesota-vikings-keith-carter-offensive-line-darrisaw,https://a.espncdn.com/photo/2026/0818/r1703592_608x342_16-9.jpg
2026-08-19T14:08:53.293410+00:00,2026-08-19T10:00:12Z,Who will fill the Broncos' DT spot next to Zach Allen?,"Allen and John Franklin-Myers collapsed pockets up the middle last season, but Denver now has to replace JFM. Can Allen keep up his elite play without him?",https://www.espn.com/nfl/story/_/id/49643341/broncos-need-defensive-tackle-start-next-all-pro-zach-allen-2026-season,https://a.espncdn.com/photo/2026/0817/r1703157_608x342_16-9.jpg
2026-08-19T19:35:46.594148+00:00,2026-08-19T19:05:20Z,Source: Seahawks to sign former Cowboys CB Trevon Diggs,"Former Cowboys Pro Bowl cornerback Trevon Diggs plans to sign a one-year deal with the Seattle Seahawks, a source told ESPN's Adam Schefter on Wednesday.",https://www.espn.com/nfl/story/_/id/49661802/source-seahawks-sign-former-pro-bowl-cb-trevon-diggs,https://a.espncdn.com/photo/2025/1215/r1589722_600x400_3-2.jpg
2026-08-19T19:35:46.594148+00:00,2026-08-19T18:57:23Z,Mike Clay's early 2026 fantasy football PPR rankings,"Position-by-position rankings for the 2026 fantasy season, updated throughout the summer.",https://www.espn.com/fantasy/football/story/_/id/47513496/2026-fantasy-football-rankings-ppr-mike-clay,https://a.espncdn.com/photo/2026/0330/r1636142_1296x729_16-9.jpg
2026-08-19T19:35:46.594148+00:00,2026-08-19T18:23:56Z,Fantasy football Knockout league rankings: The 252 players to draft,"Rankings for knockout leagues, where the lowest-scoring team is eliminated and the last team standing wins.",https://www.espn.com/fantasy/football/story/_/id/49309401/fantasy-football-knockout-rankings-top-200,https://a.espncdn.com/photo/2026/0708/r1686582_1296x729_16-9.jpg
2026-08-19T19:35:46.594148+00:00,2026-08-19T19:31:58Z,"Fantasy football sleepers, busts and breakouts for 2026","Which players will surprise, disappoint or make a big jump this fantasy season? Our analysts give their picks.",https://www.espn.com/fantasy/football/story/_/page/FFSleepBustBreak26-49030808/fantasy-football-2026-rankings-nfl-sleepers-breakouts-busts,https://a.espncdn.com/photo/2026/0702/fan_breakout-sleeper-bust_16x9_608x342.jpg
2026-08-19T19:35:46.594148+00:00,2026-08-19T18:11:27Z,Sources: Chargers' Tyler Biadasz out indefinitely with ACL injury,"Chargers center Tyler Biadasz is out indefinitely after suffering damage to his ACL and additional injuries to his left knee, sources told ESPN and NFL Network.",https://www.espn.com/nfl/story/_/id/49661157/sources-chargers-tyler-biadasz-indefinitely-acl-injury,https://a.espncdn.com/photo/2026/0818/r1703504_1296x729_16-9.jpg
2026-08-19T19:35:46.594148+00:00,2026-08-19T17:53:01Z,Shedeur Sanders not feeling pressure about Browns' QB decision,"With a decision at starting quarterback looming, Browns quarterback Shedeur Sanders said Wednesday he's not feeling pressure ahead of joint practice with the Bills on Thursday and his start in the second preseason game at home Saturday.",https://www.espn.com/nfl/story/_/id/49660991/shedeur-sanders-not-worried-browns-qb-decision,https://a.espncdn.com/photo/2026/0803/r1697290_600x400_3-2.jpg
2026-08-19T19:35:46.594148+00:00,2026-08-19T17:36:09Z,Jayden Higgins out for season with torn ACL,Jayden Higgins out for season with torn ACL,https://www.espn.com/video/clip/_/id/49660953/jayden-higgins-season-torn-acl,https://espnmedia-cdn.akamaized.net/espn/media/common/2026/0819/ss_20260819_133139472_3629128814/ss_20260819_133139472_3629128814.jpg
2026-08-19T19:35:46.594148+00:00,2026-08-19T17:29:04Z,Fantasy football buzz: Texans WR Higgins expected to miss 2026 season,Tristan H. Cockcroft breaks down what ripple effects Alvin Kamara and Jayden Higgins' injuries has on their respective teams.,https://www.espn.com/fantasy/football/story/_/id/40699880/fantasy-football-injuries-position-battles-nfl-news-analysis,https://a.espncdn.com/photo/2026/0819/r1703944_1296x729_16-9.jpg
2026-08-19T19:35:46.594148+00:00,2026-08-19T17:56:16Z,"Howard, Allar to get all of Steelers' QB reps vs. Jets",The Steelers will start second-year quarterback Will Howard against the Jets on Friday while 2026 fourth-round pick Drew Allar will follow.,https://www.espn.com/nfl/story/_/id/49660895/howard-allar-get-all-steelers-qb-reps-vs-jets,https://a.espncdn.com/photo/2025/0805/r1528294_600x400_3-2.jpg
2026-08-19T19:35:46.594148+00:00,2026-08-19T17:46:28Z,"Sources: Texans' Jayden Higgins has torn ACL, out for season","Texans second-year wideout Jayden Higgins will miss the season after suffering a torn ACL during a joint practice with the Raiders, sources told NFL Network.",https://www.espn.com/nfl/story/_/id/49660770/sources-texans-jayden-higgins-torn-acl-season,https://a.espncdn.com/photo/2025/1227/r1594162_1296x729_16-9.jpg
2026-08-19T19:35:46.594148+00:00,2026-08-19T18:11:00Z,Why Bhayshul Tuten is a top fantasy breakout candidate for Tristan H. Cockcroft,Why Bhayshul Tuten is a top fantasy breakout candidate for Tristan H. Cockcroft,https://www.espn.com/video/clip/_/id/49660252/why-bhayshul-tuten-top-fantasy-breakout-candidate-tristan-h-cockcroft,https://espnmedia-cdn.akamaized.net/espn/media/common/2026/0819/dm_260819_fantasy_cockcroft_tuten/dm_260819_fantasy_cockcroft_tuten.jpg
2026-08-19T19:35:46.594148+00:00,2026-08-19T16:34:51Z,What does Tyler Biadasz's injury mean for Chargers' season?,What does Tyler Biadasz's injury mean for Chargers' season?,https://www.espn.com/video/clip/_/id/49660144/what-does-tyler-biadasz-injury-mean-chargers-season,https://espnmedia-cdn.akamaized.net/espn/media/common/2026/0819/ss_20260819_120547879_3629086/ss_20260819_120547879_3629086.jpg
2026-08-19T19:35:46.594148+00:00,2026-08-19T14:42:15Z,Why Mad Dog is expecting a big year out of Patrick Mahomes,Why Mad Dog is expecting a big year out of Patrick Mahomes,https://www.espn.com/video/clip/_/id/49659208/why-mad-dog-expecting-big-year-patrick-mahomes,https://espnmedia-cdn.akamaized.net/espn/media/common/2026/0819/ss_20260819_103137882_3629004/ss_20260819_103137882_3629004.jpg
2026-08-19T19:35:46.594148+00:00,2026-08-19T14:10:48Z,Source: Saints RB Kamara out at least 1 month with MCL sprain,"Saints RB Alvin Kamara is expected to be sidelined for at least the next month due to a sprained MCL, a source told ESPN's Adam Schefter.",https://www.espn.com/nfl/story/_/id/49658952/source-saints-rb-kamara-least-month-mcl-sprain,https://a.espncdn.com/photo/2026/0722/r1692272_600x400_3-2.jpg
2026-08-19T19:35:46.594148+00:00,2026-08-19T17:35:15Z,Who will fill the Broncos' DT spot next to Zach Allen?,"Allen and John Franklin-Myers collapsed pockets up the middle last season, but Denver now has to replace JFM. Can Allen keep up his elite play without him?",https://www.espn.com/nfl/story/_/id/49643341/broncos-need-defensive-tackle-start-next-all-pro-zach-allen-2026-season,https://a.espncdn.com/photo/2026/0817/r1703157_608x342_16-9.jpg
2026-08-20T03:14:34.710335+00:00,2026-08-20T02:56:59Z,Source: Commanders DL Newton has surgery to repair torn pec,"Commanders defensive lineman Jer'Zhan Newton underwent surgery Wednesday to repair a torn pectoral muscle, a source confirmed.",https://www.espn.com/nfl/story/_/id/49665858/source-commanders-dl-newton-surgery-repair-torn-pec,https://a.espncdn.com/photo/2025/1212/r1588589_600x400_3-2.jpg
2026-08-20T03:14:34.710335+00:00,2026-08-20T00:51:16Z,Tracking 2026 NFL hold-ins: Vita Vea resolves contract situation,More on the four players who sat out portions of camp during their contract situations.,https://www.espn.com/nfl/story/_/id/49490010/2026-training-camp-holdin-tracking-updates-bijan-robinson-jahmyr-gibbs-vita-vea-tuli-tuipulotu,https://a.espncdn.com/photo/2026/0806/r1698448_608x342_16-9.jpg
2026-08-20T03:14:34.710335+00:00,2026-08-20T02:45:00Z,Colts TE Tyler Warren injures groin in practice,Colts star tight end Tyler Warren sustained a groin injury in Wednesday's joint practice and did not return.,https://www.espn.com/nfl/story/_/id/49664278/colts-tight-end-tyler-warren-injures-groin-practice,https://a.espncdn.com/photo/2026/0819/r1704152_600x400_3-2.jpg
2026-08-20T03:14:34.710335+00:00,2026-08-19T22:02:15Z,Source: CB Trevon Diggs signing 1-year deal with Seahawks,"Former Cowboys Pro Bowl cornerback Trevon Diggs plans to sign a one-year deal with the Seahawks, a source told ESPN's Adam Schefter on Wednesday.",https://www.espn.com/nfl/story/_/id/49661802/source-seahawks-sign-former-pro-bowl-cb-trevon-diggs,https://a.espncdn.com/photo/2025/1215/r1589722_600x400_3-2.jpg
2026-08-20T03:14:34.710335+00:00,2026-08-19T21:19:21Z,"Howard, Allar to get all of Steelers' QB reps vs. Jets",The Steelers will start second-year quarterback Will Howard against the Jets on Friday while 2026 fourth-round pick Drew Allar will follow.,https://www.espn.com/nfl/story/_/id/49660895/howard-allar-get-all-steelers-qb-reps-vs-jets,https://a.espncdn.com/photo/2025/0805/r1528294_600x400_3-2.jpg
2026-08-20T19:49:37.168009+00:00,2026-08-20T12:55:56Z,"From Knicks to Yankees, Nick Jonas finds the perfect song",The Jonas Brothers are longtime New York sports fans and have a song that can speak to their favorite teams.,https://www.espn.com/nfl/story/_/id/49660378/nick-jonas-brother-new-york-knicks-yankees-giants-told-songs,https://a.espncdn.com/photo/2026/0819/r1704076_608x342_16-9.jpg
2026-08-20T19:49:37.168009+00:00,2026-08-20T10:37:48Z,Fantasy football rankings: Eric Karabell's wide receiver tiers for 2026,"Eric Karabell puts his wide receiver rankings into tiers, helping you identify where value drops off throughout the draft.",https://www.espn.com/fantasy/football/story/_/id/49649506/fantasy-football-rankings-wide-receivers-tiers-draft,https://a.espncdn.com/photo/2026/0818/r1703453_1296x729_16-9.jpg
2026-08-20T19:49:37.168009+00:00,2026-08-20T13:04:10Z,Fantasy football rankings: Eric Karabell's running back tiers for 2026,"Eric Karabell breaks his running backs into tiers, helping you identify where value drops off throughout the draft.",https://www.espn.com/fantasy/football/story/_/id/49614875/2026-fantasy-football-rankings-running-back-tiers-rb,https://a.espncdn.com/photo/2026/0818/r1703445_608x342_16-9.jpg
2026-08-20T19:49:37.168009+00:00,2026-08-20T14:06:01Z,2027 NFL quarterback predictions: 16 teams with questions,We picked out teams with some level of QB1 questions for 2027 and projected two potential outcomes for each -- one likely and one not so likely.,https://www.espn.com/nfl/story/_/id/49659412/2027-nfl-quarterback-predictions-16-teams-starter-questions-free-agency-trades-draft,https://a.espncdn.com/photo/2026/0819/r1704072_608x342_16-9.jpg
2026-08-20T19:49:37.168009+00:00,2026-08-20T14:06:01Z,Is Cowboys' DaRon Bland finally over his nagging foot issue?,"Bland set an NFL record in 2023 with five pick-sixes and hopes to get back to form in 2026, boosted by some new shoes.",https://www.espn.com/nfl/story/_/id/49648012/nfl-dallas-cowboys-daron-bland-foot-surgery-christian-parker,https://a.espncdn.com/photo/2026/0818/r1703357_608x342_16-9.jpg
2026-08-20T19:49:37.168009+00:00,2026-08-20T13:57:58Z,"49ers return their 'bullies' in Deebo Samuel, Dre Greenlaw",Greenlaw and Samuel are back in key roles for the 49ers. How will Greenlaw slot in at linebacker? Will Samuel be a rushing threat again?,https://www.espn.com/nfl/story/_/id/49651267/san-francisco-49ers-deebo-samuel-dre-greenlaw-return,https://a.espncdn.com/photo/2026/0818/r1703560_608x342_16-9.jpg
2026-08-20T19:49:37.168009+00:00,2026-08-20T10:44:08Z,Shedeur Sanders not feeling pressure about Browns' QB decision,"With a decision at starting quarterback looming, Browns quarterback Shedeur Sanders said Wednesday he's not feeling pressure ahead of joint practice with the Bills on Thursday and his start in the second preseason game at home Saturday.",https://www.espn.com/nfl/story/_/id/49660991/shedeur-sanders-not-worried-browns-qb-decision,https://a.espncdn.com/photo/2026/0803/r1697290_600x400_3-2.jpg
2026-08-20T19:49:37.168009+00:00,2026-08-20T10:43:51Z,"Howard, Allar to get all of Steelers' QB reps vs. Jets",The Steelers will start second-year quarterback Will Howard against the Jets on Friday while 2026 fourth-round pick Drew Allar will follow.,https://www.espn.com/nfl/story/_/id/49660895/howard-allar-get-all-steelers-qb-reps-vs-jets,https://a.espncdn.com/photo/2025/0805/r1528294_600x400_3-2.jpg
2026-08-21T03:33:03.762395+00:00,2026-08-20T21:52:32Z,"'This is it': Bengals' Joe Burrow tired of waiting, targets Super Bowl",The Bengals improved their defense after missing the playoffs a third straight year. Will it be enough?,https://www.espn.com/nfl/story/_/id/49673743/this-bengals-joe-burrow-tired-waiting-targets-super-bowl,https://a.espncdn.com/photo/2026/0820/r1704535_1296x729_16-9.jpg
2026-08-21T03:33:03.762395+00:00,2026-08-20T22:02:07Z,"Cowboys, Saints fined $500K each for brawls in joint practice","The NFL has fined the Cowboys and Saints $500,000 each after multiple fights broke out between the two teams during Tuesday's joint practice.",https://www.espn.com/nfl/story/_/id/49673882/cowboys-saints-fined-500k-brawls-joint-practices,https://a.espncdn.com/photo/2026/0820/r1704540_600x400_3-2.jpg
2026-08-21T03:33:03.762395+00:00,2026-08-20T21:13:05Z,Aaron Donald to continue workouts with Rams as decision looms,Rams head coach Sean McVay said he anticipates more workouts from Aaron Donald before the defensive tackle decides whether to come out of retirement.,https://www.espn.com/nfl/story/_/id/49673878/aaron-donald-continue-workouts-rams-decision-looms,https://a.espncdn.com/photo/2026/0804/r1697662_1296x729_16-9.jpg
2026-08-21T03:33:03.762395+00:00,2026-08-20T20:29:59Z,Ravens center Pinter to miss 'extended time' with leg injury,"Ravens starting center Danny Pinter is expected to miss ""an extended amount of time"" after injuring his right leg during joint practices with the Vikings, coach Jesse Minter said Thursday.",https://www.espn.com/nfl/story/_/id/49673480/ravens-center-pinter-miss-extended-leg-injury,https://a.espncdn.com/photo/2020/0506/r695957_600x400_3-2.jpg
2026-08-21T03:33:03.762395+00:00,2026-08-20T21:55:24Z,NFL complains about changes to Nielsen TV ratings measurements,"The NFL is upset about changes made by Nielsen in its methodology for measuring viewership for the upcoming season, calling them ""rushed.""",https://www.espn.com/nfl/story/_/id/49673448/nfl-complains-changes-nielsen-tv-ratings-measurements,https://a.espncdn.com/photo/2026/0320/r1631265_1296x729_16-9.jpg
2026-08-21T03:33:03.762395+00:00,2026-08-20T19:44:13Z,Rapoport tells McAfee about the 'renewed focus' he has noticed with the Lions,Rapoport tells McAfee about the 'renewed focus' he has noticed with the Lions,https://www.espn.com/video/clip/_/id/49673062/rapoport-tells-mcafee-renewed-focus-noticed-lions,https://espnmedia-cdn.akamaized.net/espn/media/common/2026/0820/ss_20260820_150900585_3630330/ss_20260820_150900585_3630330.jpg
2026-08-21T03:33:03.762395+00:00,2026-08-20T19:40:06Z,"'I hate joint practices,' Eagles star Saquon Barkley says","Eagles running back Saquon Barkley said he hates back-to-back days of joint practices, adding ""one day is good"" to avoid skirmishes that regularly occur during the sessions.",https://www.espn.com/nfl/story/_/id/49673017/i-hate-joint-practices-says-eagles-star-saquon-barkley,https://a.espncdn.com/photo/2026/0820/r1704502_600x400_3-2.jpg
2026-08-21T03:33:03.762395+00:00,2026-08-20T18:29:00Z,Players pulled from fight-filled Giants-Dolphins practice,Multiple players from Thursday's joint practice between the Dolphins and Giants were pulled for throwing punches or their physical actions during a fight-filled workout.,https://www.espn.com/nfl/story/_/id/49672671/players-pulled-fight-filled-giants-dolphins-practice,https://a.espncdn.com/photo/2026/0820/r1704492_600x400_3-2.jpg
2026-08-21T03:33:03.762395+00:00,2026-08-20T18:14:50Z,Fantasy football draft rankings 2026: Running back,"Fantasy football draft rankings from Matt Bowen, Mike Clay, Tristan H. Cockcroft, Daniel Dopp, Eric Karabell, Liz Loza, Eric Moody and Field Yates.",https://www.espn.com/fantasy/football/story/_/page/FFPreseasonRank26RB/nfl-fantasy-football-draft-rankings-2026-rb-running-back,https://a.espncdn.com/photo/2025/1130/r1583040_1296x729_16-9.jpg
2026-08-21T03:33:03.762395+00:00,2026-08-20T18:04:21Z,Fantasy football draft rankings 2026: Quarterback,"Fantasy football draft rankings from Matt Bowen, Mike Clay, Tristan H. Cockcroft, Daniel Dopp, Eric Karabell, Liz Loza, Eric Moody and Field Yates.",https://www.espn.com/fantasy/football/story/_/page/FFPreseasonRank26QB/nfl-fantasy-football-draft-rankings-2026-qb-quarterback,https://a.espncdn.com/photo/2026/0105/r1596890_1296x729_16-9.jpg
2026-08-21T03:33:03.762395+00:00,2026-08-20T17:57:27Z,Eric Karabell's 2026 fantasy football flex and superflex rankings,"A look at the top 200 QBs, RBs, WRs and TEs for 2026 drafts, updated throughout the fantasy football offseason.",https://www.espn.com/fantasy/football/story/_/id/47539664/2026-fantasy-football-rankings-flex-superflex-ppr-eric-karabell,https://a.espncdn.com/photo/2025/1218/r1591212_1296x729_16-9.jpg
2026-08-21T03:33:03.762395+00:00,2026-08-20T19:19:55Z,Sam LaPorta's status uncertain for Lions' season opener,Sam LaPorta's status for the Lions' regular-season opener is unclear after the star tight end suffered a hip injury.,https://www.espn.com/nfl/story/_/id/49672143/sam-laporta-status-uncertain-lions-season-opener,https://a.espncdn.com/photo/2026/0731/r1696053_1296x729_16-9.jpg
2026-08-21T03:33:03.762395+00:00,2026-08-20T16:59:20Z,Jaguars OT Cole Van Lanen activated after Week 18 injury,The Jaguars have activated offensive tackle Cole Van Lanen from the PUP list as he makes his return from a knee injury that forced him to miss Jacksonville's playoff loss last season.,https://www.espn.com/nfl/story/_/id/49671935/jaguars-ot-cole-van-lanen-activated-week-18-injury,https://a.espncdn.com/photo/2026/0103/r1595997_1296x729_16-9.jpg
2026-08-21T03:33:03.762395+00:00,2026-08-20T15:42:02Z,Why Travis Hunter should play cornerback full time for Jags,Why Travis Hunter should play cornerback full time for Jags,https://www.espn.com/video/clip/_/id/49671085/why-travis-hunter-play-cornerback-full-jags,https://espnmedia-cdn.akamaized.net/espn/media/common/2026/0820/ss_20260820_113621954_3630138699/ss_20260820_113621954_3630138699.jpg
2026-08-21T03:33:03.762395+00:00,2026-08-20T19:24:47Z,Fantasy football buzz: Tyler Warren's fantasy ceiling high despite injury scare,"How does Tyler Warren's adductor injury, suffered Wednesday, affect his fantasy football draft potential?",https://www.espn.com/fantasy/football/story/_/id/40699880/fantasy-football-injuries-position-battles-nfl-news-analysis,https://a.espncdn.com/photo/2026/0820/r1704421_1296x729_16-9.jpg
2026-08-21T08:09:00.564564+00:00,2026-08-21T05:55:41Z,Kubiak keeps Raiders' QB race going: 'We got another week',"With one week left in the preseason, Raiders coach Klint Kubiak said he wasn't prepared to name a starting quarterback, adding ""I don't want anyone to be comfortable in their job.""",https://www.espn.com/nfl/story/_/id/49677418/kubiak-keeps-raiders-qb-race-going-got-another-week,https://a.espncdn.com/photo/2026/0821/r1704714_600x400_3-2.jpg
2026-08-21T08:09:00.564564+00:00,2026-08-21T06:24:29Z,Cowing returns punt for TD to spark the 49ers in 41-17 preseason win over the Chargers,— Jacob Cowing let out a season's worth of frustration with one electric play.,http://www.espn.com/nfl/recap?gameId=401873285,https://s.espncdn.com/stitcher/sports/football/nfl/events/401873285.png?templateId=espn.applewatch.awayhome.1
2026-08-21T08:09:00.564564+00:00,2026-08-21T04:37:28Z,"Fernando Mendoza throws a pick-6, struggles in 1st half of Raiders' 22-20 preseason win over Texans",— Top pick Fernando Mendoza is finding out quickly that he has a lot of work to do as he begins his NFL career.,http://www.espn.com/nfl/recap?gameId=401873286,https://s.espncdn.com/stitcher/sports/football/nfl/events/401873286.png?templateId=espn.applewatch.awayhome.1
2026-08-21T08:09:00.564564+00:00,2026-08-21T04:45:14Z,Players pulled from fight-filled Giants-Dolphins practice,Multiple players from Thursday's joint practice between the Dolphins and Giants were pulled for throwing punches or their physical actions during a fight-filled workout.,https://www.espn.com/nfl/story/_/id/49672671/players-pulled-fight-filled-giants-dolphins-practice,https://a.espncdn.com/photo/2026/0820/r1704492_600x400_3-2.jpg
2026-08-21T19:33:56.256411+00:00,2026-08-21T19:33:47Z,"Seahawks WR Jake Bobo suffers 'serious' knee injury, coach says","Seahawks wideout Jake Bobo appeared to suffer a ""serious: knee injury during Friday's practice against the Titans, coach Mike Macdonald told reporters.",https://www.espn.com/nfl/story/_/id/49683636/seahawks-wr-jake-bobo-suffers-serious-knee-injury-says-coach,https://a.espncdn.com/photo/2026/0821/r1704972_600x400_3-2.jpg
2026-08-21T19:33:56.256411+00:00,2026-08-21T19:14:36Z,Massachusetts to investigate Cardinals exec's alleged betting,A second investigation has been opened related to former Arizona Cardinals scout Ryan Gold's alleged betting activity.,https://www.espn.com/nfl/story/_/id/49683212/massachusetts-investigate-cardinals-exec-alleged-betting,https://a.espncdn.com/photo/2024/0422/r1322967_600x400_3-2.jpg
2026-08-21T19:33:56.256411+00:00,2026-08-21T18:21:11Z,Why Brock Purdy is 'extremely happy' for Deebo to be back,Why Brock Purdy is 'extremely happy' for Deebo to be back,https://www.espn.com/video/clip/_/id/49683048/why-brock-purdy-extremely-happy-deebo-back,https://espnmedia-cdn.akamaized.net/espn/media/common/2026/0821/ss_20260821_141317076_3631361/ss_20260821_141317076_3631361.jpg
2026-08-21T19:33:56.256411+00:00,2026-08-21T15:30:12Z,Jordan Morgan gets his shot at the Packers' left tackle job -- finally,The 2024 first-round pick is ready to step in to protect quarterback Jordan Love for Green Bay.,https://www.espn.com/nfl/story/_/id/49681049/jordan-morgan-gets-shot-packers-left-tackle-job-finally,https://a.espncdn.com/photo/2026/0821/r1704847_2_608x342_16-9.jpg
2026-08-21T19:33:56.256411+00:00,2026-08-21T13:47:14Z,Field Yates' fantasy football PPR rankings: Top 160 for 2026,"Field provides his latest rankings for the upcoming season, which will be updated throughout the summer.",https://www.espn.com/fantasy/football/story/_/id/48711830/2026-fantasy-football-rankings-ppr-field-yates,https://a.espncdn.com/photo/2026/0112/r1599486_1296x729_16-9.jpg
2026-08-21T19:33:56.256411+00:00,2026-08-21T10:20:07Z,Tiering college quarterbacks by 2027 NFL draft stock,"With the college season right around the corner, Jordan Reid stacked every NFL draft-eligible QB worthy of getting picked next April by their current round grade.",https://www.espn.com/nfl/draft2027/story/_/id/49650260/2027-nfl-draft-quarterback-tiers-rounds-one-seven-moore-manning,https://a.espncdn.com/photo/2026/0819/r1703680_608x342_16-9.jpg
2026-08-22T03:11:21.559089+00:00,2026-08-22T02:03:29Z,Geno Smith throws a touchdown pass during his 1-drive cameo as Jets top Steelers 17-0,— Geno Smith capped a perfect one-series cameo by throwing for a touchdown and the New York Jets picked off a pair of passes in a 17-0 win over the Pittsburgh Steelers on Friday night.,http://www.espn.com/nfl/recap?gameId=401873288,https://s.espncdn.com/stitcher/sports/football/nfl/events/401873288.png?templateId=espn.applewatch.awayhome.1
2026-08-22T03:11:21.559089+00:00,2026-08-22T02:48:14Z,"Former Browns, Texans RB Nick Chubb announces retirement","Veteran running back Nick Chubb, a four-time Pro Bowl selection who most recently played for the Texans, announced his retirement Friday night.",https://www.espn.com/nfl/story/_/id/49686432/running-back-nick-chubb-announces-retirement-nfl,https://a.espncdn.com/photo/2025/1005/r1556048_1296x729_16-9.jpg
2026-08-22T03:11:21.559089+00:00,2026-08-21T23:37:40Z,Fantasy football Knockout league rankings: The 252 players to draft,"Rankings for knockout leagues, where the lowest-scoring team is eliminated and the last team standing wins.",https://www.espn.com/fantasy/football/story/_/id/49309401/fantasy-football-knockout-rankings-top-200,https://a.espncdn.com/photo/2026/0708/r1686582_1296x729_16-9.jpg
2026-08-22T03:11:21.559089+00:00,2026-08-21T20:41:59Z,"Seahawks WR Jake Bobo suffers 'serious' knee injury, coach says","Seahawks wideout Jake Bobo appeared to suffer a ""serious knee injury during Friday's practice against the Titans, coach Mike Macdonald told reporters.",https://www.espn.com/nfl/story/_/id/49683636/seahawks-wr-jake-bobo-suffers-serious-knee-injury-says-coach,https://a.espncdn.com/photo/2026/0821/r1704972_600x400_3-2.jpg
2026-08-22T07:49:12.285343+00:00,2026-08-22T06:06:40Z,Broncos' Bo Nix throws for TD in return from ankle injury,"Broncos quarterback Bo Nix, who underwent two offseason surgeries to repair a fractured right ankle, made his first preseason appearance Friday night, playing 14 snaps and finishing 6-of-9 passing for 76 yards and a touchdown.",https://www.espn.com/nfl/story/_/id/49687942/broncos-qb-bo-nix-throws-td-preseason-return-ankle-surgery,https://a.espncdn.com/photo/2026/0822/r1705153_600x400_3-2.jpg
2026-08-22T07:49:12.285343+00:00,2026-08-22T05:07:29Z,"Bo Nix shines in return from broken ankle, but Broncos fall to Packers 33-13",— Bo Nix 's 21-yard touchdown toss to R.J. Harvey two plays after hooking up with new speedster,http://www.espn.com/nfl/recap?gameId=401873613,https://s.espncdn.com/stitcher/sports/football/nfl/events/401873613.png?templateId=espn.applewatch.awayhome.1
2026-08-22T07:49:12.285343+00:00,2026-08-22T03:29:29Z,Geno Smith throws a touchdown pass during his 1-drive cameo as Jets top Steelers 17-0,— Geno Smith's left ankle appears to be just fine. So much so that a one-drive cameo is all the New York Jets quarterback might need to get ready for the regular season.,http://www.espn.com/nfl/recap?gameId=401873288,https://s.espncdn.com/stitcher/sports/football/nfl/events/401873288.png?templateId=espn.applewatch.awayhome.1
2026-08-22T13:46:24.761570+00:00,2026-08-22T10:31:26Z,"New NFL blocking, pass rush win rate formulas and takeaways","After eight years, ESPN tweaked the formula for pass rush win rate and pass block win rate. What's new for 2026? Which players saw their stats impacted the most?",https://www.espn.com/nfl/story/_/id/49672562/nfl-new-pass-block-push-rush-win-rates-formula-takeaways-analytics,https://a.espncdn.com/photo/2026/0821/r1704653_608x342_16-9.jpg
2026-08-22T13:46:24.761570+00:00,2026-08-22T12:23:11Z,Broncos' Bo Nix throws for TD in return from ankle injury,"Broncos quarterback Bo Nix, who underwent two offseason surgeries to repair a fractured right ankle, made his first preseason appearance Friday night, playing 14 snaps and finishing 6-of-9 passing for 76 yards and a touchdown.",https://www.espn.com/nfl/story/_/id/49687942/broncos-qb-bo-nix-throws-td-preseason-return-ankle-surgery,https://a.espncdn.com/photo/2026/0822/r1705153_600x400_3-2.jpg
2026-08-22T19:11:46.909536+00:00,2026-08-22T18:53:53Z,"Seahawks place WR Bobo on season-ending IR, re-sign WR Hicks","The Seahawks have placed receiver Jake Bobo on season-ending injured reserve with a serious knee injury, the team announced Saturday, and re-signed wideout Julian Hicks.",https://www.espn.com/nfl/story/_/id/49693366/seahawks-place-wr-bobo-season-ending-ir-re-sign-wr-hicks,https://a.espncdn.com/photo/2026/0821/r1704972_600x400_3-2.jpg
2026-08-22T19:11:46.909536+00:00,2026-08-22T14:59:16Z,Ultimate Fantasy Football Cheat Sheet: The names you need to know for draft day,All the names we've been talking about in a printable cheat sheet for your fantasy football draft.,https://www.espn.com/fantasy/football/story/_/id/49690629/2026-fantasy-football-cheat-sheet-draft-tips-sleepers-busts,https://a.espncdn.com/photo/2026/0822/r1705246_1296x729_16-9.jpg
2026-08-22T19:11:46.909536+00:00,2026-08-22T14:11:26Z,"Former Browns, Texans RB Nick Chubb announces retirement","Veteran running back Nick Chubb, a four-time Pro Bowl selection who most recently played for the Texans, announced his retirement.",https://www.espn.com/nfl/story/_/id/49686432/running-back-nick-chubb-announces-retirement-nfl,https://a.espncdn.com/photo/2025/1005/r1556048_1296x729_16-9.jpg
2026-08-23T03:32:37.330340+00:00,2026-08-23T03:10:33Z,Buccaneers rookie Jalon Daniels leads 3 scoring drives in 16-15 comeback win over Chiefs,— Rookie Jalon Daniels led three second-half scoring drives to help the Tampa Bay Buccaneers rally for a 16-15 preseason victory over the Kansas City Chiefs on Saturday night.,http://www.espn.com/nfl/recap?gameId=401873296,https://s.espncdn.com/stitcher/sports/football/nfl/events/401873296.png?templateId=espn.applewatch.awayhome.1
2026-08-23T03:32:37.330340+00:00,2026-08-23T03:05:22Z,"Eagles' Ja'Quinden Jackson taken to hospital after tackle, has movement",Philadelphia Eagles running back Ja'Quinden Jackson left the field by ambulance after being injured on the opening kickoff in Saturday's preseason game against the New England Patriots.,https://www.espn.com/nfl/story/_/id/49697364/eagles-jaquinden-jackson-taken-hospital-tackle-movement,https://a.espncdn.com/photo/2026/0823/r1705596_600x400_3-2.jpg
2026-08-23T03:32:37.330340+00:00,2026-08-23T03:12:21Z,Patriots come back to win at home over Eagles,Patriots come back to win at home over Eagles,https://www.espn.com/video/clip/_/id/49697361/patriots-come-back-win-home-eagles,https://espnmedia-cdn.akamaized.net/espn/media/common/wsc/2026/0823/dec102c7-79ef-4315-bdd1-05c07dfe8e6c/dec102c7-79ef-4315-bdd1-05c07dfe8e6c.jpg
2026-08-23T03:32:37.330340+00:00,2026-08-23T02:32:31Z,"Tommy DeVito throws TD pass, Ja’Quinden Jackson taken off in ambulance as Patriots beat Eagles 24-21",— Patriots backup quarterback Tommy DeVito tossed a 69-yard touchdown pass to Kyle Williams and New England beat Philadelphia 24-21 in a preseason game Saturday night in which...,http://www.espn.com/nfl/recap?gameId=401873293,https://s.espncdn.com/stitcher/sports/football/nfl/events/401873293.png?templateId=espn.applewatch.awayhome.1
2026-08-23T03:32:37.330340+00:00,2026-08-23T01:52:16Z,Deshaun Watson calls out 'disrespectful' boos from fans,Deshaun Watson calls out 'disrespectful' boos from fans,https://www.espn.com/video/clip/_/id/49696808/deshaun-watson-calls-disrespectful-boos-fans,https://espnmedia-cdn.akamaized.net/espn/media/common/2026/0822/ss_20260822_214938157_3633209/ss_20260822_214938157_3633209.jpg
2026-08-23T03:32:37.330340+00:00,2026-08-23T01:01:29Z,Jameis Winston runs for a touchdown in the Giants' 26-3 preseason win over the Dolphins,— The New York Giants appeared to be the better team during their joint practice with the Miami Dolphins this week.,http://www.espn.com/nfl/recap?gameId=401873292,https://s.espncdn.com/stitcher/sports/football/nfl/events/401873292.png?templateId=espn.applewatch.awayhome.1
2026-08-23T03:32:37.330340+00:00,2026-08-23T00:47:37Z,"Stetson Bennett looks sharp, Saints' backup QBs don't separate in Rams' 34-0 preseason win",— Stetson Bennett cleared up the Los Angeles Rams' backup quarterback situation a bit with another solid outing Saturday.,http://www.espn.com/nfl/recap?gameId=401873290,https://s.espncdn.com/stitcher/sports/football/nfl/events/401873290.png?templateId=espn.applewatch.awayhome.1
2026-08-23T03:32:37.330340+00:00,2026-08-23T01:52:36Z,"Browns' Watson calls fans' boos 'personal,' not based on play","Browns quarterback Deshaun Watson was booed in his first home game since suffering a right Achilles tendon injury in October 2024 and said he thought the reaction from the crowd was ""disrespectful"" and felt ""personal.""",https://www.espn.com/nfl/story/_/id/49695585/browns-watson-calls-fans-boos-personal-not-based-play,https://a.espncdn.com/photo/2026/0822/r1705507_2_600x400_3-2.jpg
2026-08-23T03:32:37.330340+00:00,2026-08-22T23:13:19Z,"McCarthy plays 18 snaps, gets 'banged up' in Vikings' loss","Quarterback J.J. McCarthy, who ended up with 18 snaps, would have played longer Saturday if he had not gotten ""banged up"" during a rough first quarter in the Minnesota Vikings' 13-3 preseason loss to the Baltimore Ravens, coach Kevin O'Connell said.",https://www.espn.com/nfl/story/_/id/49695231/mccarthy-plays-18-snaps-gets-banged-vikings-loss,https://a.espncdn.com/photo/2026/0822/r1705489_600x600_1-1.jpg
2026-08-23T03:32:37.330340+00:00,2026-08-22T23:14:29Z,Shedeur Sanders throws TD pass in final chance to win starting QB job but Bills batter Browns 31-7,"— As thunder rumbled around Huntington Bank Field following Saturday's game, the Browns' confusing quarterback competition grew stormier.",http://www.espn.com/nfl/recap?gameId=401873294,https://s.espncdn.com/stitcher/sports/football/nfl/events/401873294.png?templateId=espn.applewatch.awayhome.1
2026-08-23T03:32:37.330340+00:00,2026-08-22T21:15:49Z,Falcons quarterback Michael Penix fully cleared to practice,"Falcons quarterback Michael Penix Jr. has been cleared to practice fully, head coach Kevin Stefanski said after Saturday's 34-6 preseason win over the Colts.",https://www.espn.com/nfl/story/_/id/49694493/falcons-quarterback-michael-penix-fully-cleared-practice,https://a.espncdn.com/photo/2026/0810/r1700111_600x400_3-2.jpg
2026-08-23T03:32:37.330340+00:00,2026-08-22T22:16:29Z,J.J. McCarthy's misfires at QB stand out for the Vikings in a 13-3 preseason loss to the Ravens,"— J.J. McCarthy had an erratic start for the Minnesota Vikings, completing 5 of 10 passes for 81 yards in a 13-3 exhibition loss to Baltimore on Saturday, while undrafted rookie Joe Fagnano threw...",http://www.espn.com/nfl/recap?gameId=401873291,https://s.espncdn.com/stitcher/sports/football/nfl/events/401873291.png?templateId=espn.applewatch.awayhome.1
2026-08-23T03:32:37.330340+00:00,2026-08-22T21:51:46Z,Falcons' Penix cleared to practice as Rush and Strand pick apart Colts in 34-6 preseason win,— Atlanta Falcons quarterbacks Cooper Rush and Jack Strand took advantage of perhaps their last opportunity to shine this season.,http://www.espn.com/nfl/recap?gameId=401873295,https://s.espncdn.com/stitcher/sports/football/nfl/events/401873295.png?templateId=espn.applewatch.awayhome.1
2026-08-23T03:32:37.330340+00:00,2026-08-22T19:44:25Z,"Seahawks place WR Bobo on season-ending IR, re-sign WR Hicks",The Seahawks have placed wide receiver Jake Bobo on season-ending injured reserve with a serious knee injury and re-signed wideout Julian Hicks.,https://www.espn.com/nfl/story/_/id/49693366/seahawks-place-wr-bobo-season-ending-ir-re-sign-wr-hicks,https://a.espncdn.com/photo/2026/0821/r1704972_600x400_3-2.jpg
2026-08-23T13:48:36.814505+00:00,2026-08-23T10:00:11Z,Seahawks' Devon Witherspoon got paid. Will his role change?,The NFL's highest-paid cornerback blitzed with success for Seattle in the Super Bowl. Could we see more of that from Witherspoon this season?,https://www.espn.com/nfl/story/_/id/49651232/seattle-seahawks-cornerback-devon-witherspoon-blitzing-2026-season,https://a.espncdn.com/photo/2026/0818/r1703539_608x342_16-9.jpg
2026-08-23T13:48:36.814505+00:00,2026-08-23T12:16:45Z,Patriots' Will Campbell leaning into advice from top linemen,"After an up and down rookie season, Campbell focused this offseason on regaining strength lost due to 2025 injury. And he's leaning on his peers for advice.",https://www.espn.com/nfl/story/_/id/49694778/new-england-patriots-campbell-left-tackle-depth-chart,https://a.espncdn.com/photo/2026/0822/r1705460_608x342_16-9.jpg
2026-08-23T13:48:36.814505+00:00,2026-08-23T11:52:20Z,"Eagles' Ja'Quinden Jackson taken to hospital after tackle, has movement",Philadelphia Eagles running back Ja'Quinden Jackson left the field by ambulance after being injured on the opening kickoff in Saturday's preseason game against the New England Patriots.,https://www.espn.com/nfl/story/_/id/49697364/eagles-jaquinden-jackson-taken-hospital-tackle-movement,https://a.espncdn.com/photo/2026/0823/r1705596_600x400_3-2.jpg
2026-08-23T13:48:36.814505+00:00,2026-08-23T03:44:29Z,"Tommy DeVito throws TD pass, Ja’Quinden Jackson taken off in ambulance as Patriots beat Eagles 24-21",— The Patriots are set at quarterback with Drake Maye. So are the Eagles with Jalen Hurts. But the players vying to back them up made strong statements in Saturday's preseason game.,http://www.espn.com/nfl/recap?gameId=401873293,https://s.espncdn.com/stitcher/sports/football/nfl/events/401873293.png?templateId=espn.applewatch.awayhome.1
2026-08-23T13:48:36.814505+00:00,2026-08-23T11:27:49Z,"Browns' Watson calls fans' boos 'personal,' not based on play","Browns quarterback Deshaun Watson was booed in his first home game since suffering a right Achilles tendon injury in October 2024 and said he thought the reaction from the crowd was ""disrespectful"" and felt ""personal.""",https://www.espn.com/nfl/story/_/id/49695585/browns-watson-calls-fans-boos-personal-not-based-play,https://a.espncdn.com/photo/2026/0822/r1705507_2_600x400_3-2.jpg
2026-08-23T13:48:36.814505+00:00,2026-08-23T13:23:23Z,"J.J. McCarthy plays 18 snaps, gets 'banged up' in Vikings' loss","Quarterback J.J. McCarthy, who ended up with 18 snaps, would have played longer Saturday if he had not gotten ""banged up"" during a rough first quarter in the Vikings' 13-3 preseason loss to the Ravens, coach Kevin O'Connell said.",https://www.espn.com/nfl/story/_/id/49695231/mccarthy-plays-18-snaps-gets-banged-vikings-loss,https://a.espncdn.com/photo/2026/0822/r1705489_600x600_1-1.jpg
2026-08-24T03:36:39.455931+00:00,2026-08-24T03:22:51Z,Sources: Raiders RB Jeanty believed to have sprained ankle,"Las Vegas running back Ashton Jeanty, who had to be helped off the practice field Sunday, is believed to have sprained his ankle, sources told ESPN's Adam Schefter and NFL Network's Ian Rapoport, and the Raiders still are unsure how long he will be out.",https://www.espn.com/nfl/story/_/id/49708202/raiders-rb-jeanty-believed-sprained-ankle,https://a.espncdn.com/photo/2026/0824/r1706102_600x600_1-1.jpg
2026-08-24T03:36:39.455931+00:00,2026-08-24T03:32:10Z,Sources: 49ers trade Zamir White to Saints for Deion Jones,"The Saints acquired RB Zamir White in a trade that sent veteran LB Deion Jones to the 49ers, sources told ESPN's Adam Schefter on Sunday night.",https://www.espn.com/nfl/story/_/id/49707873/sources-49ers-trade-zamir-white-saints-deion-jones,https://a.espncdn.com/photo/2026/0824/r1706096_600x600_1-1.jpg
2026-08-24T03:36:39.455931+00:00,2026-08-24T02:24:28Z,2026 NFL offseason trade tracker: Updates on preseason deals,"We're following trades right through the kickoff of the 2026 NFL season, including Zamir White going to the Saints.",https://www.espn.com/nfl/story/_/id/48915793/2026-nfl-offseason-trade-tracker-updates-news-contracts-training-camp-preseason,https://a.espncdn.com/photo/2024/0830/r1379562_608x342_16-9.jpg
2026-08-24T03:36:39.455931+00:00,2026-08-24T02:18:27Z,Seahawks 2nd-round pick Bud Clark carted off with leg injury,Seahawks rookie safety Bud Clark was carted off the field after injuring his right leg during Sunday's preseason game at Tennessee.,https://www.espn.com/nfl/story/_/id/49707406/seahawks-bud-clark-carted-right-leg-injury-preseason-game-titans,https://a.espncdn.com/photo/2026/0824/r1706069_600x400_3-2.jpg
2026-08-24T03:36:39.455931+00:00,2026-08-23T22:46:52Z,Raiders' Ashton Jeanty exits practice with apparent knee injury,Raiders running back Ashton Jeanty left Sunday's training camp practice early after suffering an apparent right knee injury.,https://www.espn.com/nfl/story/_/id/49705650/raiders-ashton-jeanty-exits-practice-apparent-knee-injury,https://a.espncdn.com/photo/2026/0226/r1620569_1296x729_16-9.jpg
2026-08-24T03:36:39.455931+00:00,2026-08-23T22:22:23Z,Browns' Monken: Watson's comments not a factor in QB decision,Browns coach Todd Monken said that he anticipates naming a starting quarterback Monday and that Deshaun Watson's postgame comments Saturday won't factor into his decision.,https://www.espn.com/nfl/story/_/id/49705127/browns-monken-watson-comments-not-factor-qb-decision,https://a.espncdn.com/photo/2026/0823/r1705605_600x400_3-2.jpg
2026-08-24T03:36:39.455931+00:00,2026-08-23T17:54:25Z,Chargers place Tyler Biadasz on season-ending injured reserve,The Chargers placed Tyler Biadasz on season-ending injured reserve after the center suffered damage to his ACL and additional injuries to his left knee.,https://www.espn.com/nfl/story/_/id/49702892/chargers-place-tyler-biadasz-season-ending-injured-reserve,https://a.espncdn.com/photo/2017/0824/r248445_1296x729_16-9.jpg
2026-08-24T03:36:39.455931+00:00,2026-08-23T21:57:07Z,"Browns lose DE Wright (Achilles) for season, add DE Barnett",The Browns placed starting defensive end Alex Wright on season-ending injured reserve with a ruptured Achilles and signed veteran defensive end Derek Barnett.,https://www.espn.com/nfl/story/_/id/49702666/sources-browns-lose-de-wright-achilles-season-add-barnett,https://a.espncdn.com/photo/2026/0823/r1705789_1296x729_16-9.jpg
2026-08-24T03:36:39.455931+00:00,2026-08-23T19:21:11Z,"Eagles' Ja'Quinden Jackson taken to hospital after tackle, has movement",Eagles running back Ja'Quinden Jackson left the field by ambulance after being injured on the opening kickoff against the Patriots.,https://www.espn.com/nfl/story/_/id/49697364/eagles-jaquinden-jackson-taken-hospital-tackle-movement,https://a.espncdn.com/photo/2026/0823/r1705596_600x400_3-2.jpg
2026-08-24T08:31:11.928603+00:00,2026-08-24T04:32:50Z,Sources: Raiders RB Jeanty believed to have sprained ankle,"Las Vegas running back Ashton Jeanty, who had to be helped off the practice field Sunday, is believed to have sprained his ankle, sources told ESPN's Adam Schefter and NFL Network's Ian Rapoport, and the Raiders still are unsure how long he will be out.",https://www.espn.com/nfl/story/_/id/49708202/raiders-rb-jeanty-believed-sprained-ankle,https://a.espncdn.com/photo/2026/0824/r1706102_600x600_1-1.jpg
2026-08-24T08:31:11.928603+00:00,2026-08-24T04:20:14Z,Sources: 49ers trade Zamir White to Saints for Deion Jones,"The Saints acquired RB Zamir White in a trade that sent veteran LB Deion Jones to the 49ers, sources told ESPN's Adam Schefter on Sunday night.",https://www.espn.com/nfl/story/_/id/49707873/sources-49ers-trade-zamir-white-saints-deion-jones,https://a.espncdn.com/photo/2026/0824/r1706096_600x600_1-1.jpg
2026-08-24T08:31:11.928603+00:00,2026-08-24T05:10:53Z,"Seahawks' Bud Clark, Mason Richman out long-term with injuries",Seahawks rookie safety Bud Clark broke his right ankle in Sunday night's 19-16 preseason loss to the Titans. Offensive lineman Mason Richman also sustained a major injury.,https://www.espn.com/nfl/story/_/id/49707406/seahawks-bud-clark-carted-right-leg-injury-preseason-game-titans,https://a.espncdn.com/photo/2026/0824/r1706069_600x400_3-2.jpg
2026-08-24T14:27:38.254090+00:00,2026-08-24T10:34:44Z,Field's favorites: The nine players who should go earlier than their ADPs,The players Field Yates has been happy to snag most often in drafts this summer.,https://www.espn.com/fantasy/football/story/_/id/49684093/2026-fantasy-football-draft-value-picks-favorite-players-field-yates,https://a.espncdn.com/photo/2026/0823/r1705756_1296x729_16-9.jpg
2026-08-24T14:27:38.254090+00:00,2026-08-24T11:32:53Z,Predicting NFL teams most likely to improve in 2026 season,"Can the Giants and Jets improve on their awful 2025 records? Will the Chiefs, Lions and Ravens all make it back to the playoffs?",https://www.espn.com/nfl/story/_/id/49671327/2026-nfl-season-predict-teams-improve-more-wins-chiefs-lions-giants-jets-ravens,https://a.espncdn.com/photo/2026/0820/nfl_teams-most-likely-improve_16x9.jpg
2026-08-24T14:27:38.254090+00:00,2026-08-24T10:02:12Z,2026 Denver Broncos: Projecting final 53-man roster,"The Broncos have mostly run it back with last season's AFC Championship Game roster, but there are a couple positions worth watching.",https://www.espn.com/nfl/story/_/id/49662953/2026-nfl-season-denver-broncos-final-roster-projection-depth-chart,https://a.espncdn.com/photo/2026/0819/r1704082_608x342_16-9.jpg
2026-08-24T14:27:38.254090+00:00,2026-08-24T10:01:47Z,Dallas Cowboys: Projecting final 53-man roster,"Who will back up Dak Prescott, and how will the CB corps and RB room flesh out?",https://www.espn.com/nfl/story/_/id/49638663/2026-nfl-season-dallas-cowboys-final-roster-projection-depth-chart,https://a.espncdn.com/photo/2026/0820/r1704209_608x342_16-9.jpg
2026-08-24T14:27:38.254090+00:00,2026-08-24T10:01:21Z,2026 Arizona Cardinals: Projecting final 53-man roster,The Cardinals have depth at running back and wide receiver. Too much? Tough decisions loom.,https://www.espn.com/nfl/story/_/id/49662115/2026-nfl-season-arizona-cardinals-final-roster-projection-depth-chart,https://a.espncdn.com/photo/2026/0819/r1704033_1296x729_16-9.jpg
2026-08-24T14:27:38.254090+00:00,2026-08-24T10:00:04Z,2026 Indianapolis Colts: Projecting final 53-man roster,"Look for plenty of rookies to fill out the Colts' roster, including as starters, but what will the team do about all the defensive linemen?",https://www.espn.com/nfl/story/_/id/49662783/2026-nfl-season-indianapolis-colts-final-roster-projection-depth-chart,https://a.espncdn.com/photo/2026/0819/r1704069_1296x729_16-9.jpg
2026-08-24T14:27:38.254090+00:00,2026-08-24T10:00:23Z,2026 Philadelphia Eagles: Projecting final 53-man roster,Coach Nick Sirianni and GM Howie Roseman have difficult decisions to make at quarterback and wide receiver.,https://www.espn.com/nfl/story/_/id/49682915/2026-nfl-season-philadelphia-eagles-final-roster-projection-depth-chart,https://a.espncdn.com/photo/2026/0821/r1704937_608x342_16-9.jpg
2026-08-24T14:27:38.254090+00:00,2026-08-24T10:01:40Z,Minnesota Vikings: Projecting final 53-man roster,At least four rookies are poised to contribute out of the gate on both sides of the ball. Who are they?,https://www.espn.com/nfl/story/_/id/49638724/2026-nfl-season-minnesota-vikings-final-roster-projection-depth-chart,https://a.espncdn.com/photo/2026/0819/r1703902_608x342_16-9.jpg
2026-08-24T14:27:38.254090+00:00,2026-08-24T10:00:46Z,2026 San Francisco 49ers: Projecting final 53-man roster,How will injuries impact the 49ers' final lineup? How will their WR and LB rooms shake out? We made roster projections before the Niners' last preseason game.,https://www.espn.com/nfl/story/_/id/49659859/2026-nfl-season-san-francisco-49ers-final-roster-projection-depth-chart,https://a.espncdn.com/photo/2026/0819/r1703927_608x342_16-9.jpg
2026-08-24T14:27:38.254090+00:00,2026-08-24T10:01:33Z,2026 New York Giants: Projecting final 53-man roster,Tough calls will have to happen at wide receiver (keep Odell Beckham Jr.?) and at running back (roster four guys?).,https://www.espn.com/nfl/story/_/id/49676377/2026-nfl-season-new-york-giants-final-roster-projection-depth-chart,https://a.espncdn.com/photo/2026/0821/r1704756_608x342_16-9.jpg
2026-08-24T14:27:38.254090+00:00,2026-08-24T10:01:24Z,2026 Baltimore Ravens: Projecting final 53-man roster,The most high-profile decision is whether Baltimore will place DT Nnamdi Madubuike on injured reserve.,https://www.espn.com/nfl/story/_/id/49679524/2026-nfl-season-baltimore-ravens-final-roster-projection-depth-chart,https://a.espncdn.com/photo/2026/0821/r1704762_608x342_16-9.jpg
2026-08-24T19:48:12.355647+00:00,2026-08-24T19:34:05Z,"Eagles WR Lemon practices, expects to be in top form for opener",Eagles rookie receiver Makai Lemon participated fully in practice for the first time since injuring his hamstring early in training camp Monday and believes he can be in top form for the season opener against the Commanders on Sept. 13.,https://www.espn.com/nfl/story/_/id/49714361/eagles-wr-lemon-practices-expects-top-form-opener,https://a.espncdn.com/photo/2026/0630/r1682097_600x400_3-2.jpg
2026-08-24T19:48:12.355647+00:00,2026-08-24T17:53:56Z,Field Yates' fantasy football PPR rankings: Top 160 for 2026,"Field provides his latest rankings for the upcoming season, which will be updated throughout the summer.",https://www.espn.com/fantasy/football/story/_/id/48711830/2026-fantasy-football-rankings-ppr-field-yates,https://a.espncdn.com/photo/2026/0112/r1599486_1296x729_16-9.jpg
2026-08-24T19:48:12.355647+00:00,2026-08-24T17:37:59Z,Fantasy football Knockout league rankings: The 252 players to draft,"Rankings for knockout leagues, where the lowest-scoring team is eliminated and the last team standing wins.",https://www.espn.com/fantasy/football/story/_/id/49309401/fantasy-football-knockout-rankings-top-200,https://a.espncdn.com/photo/2026/0708/r1686582_1296x729_16-9.jpg
2026-08-24T19:48:12.355647+00:00,2026-08-24T18:58:49Z,49ers owner Jed York arrested on suspicion of engaging in prostitution,49ers owner Jed York pleaded no contest to a pair of misdemeanor charges after being arrested in Ohio on suspicion of engaging in prostitution.,https://www.espn.com/nfl/story/_/id/49712639/49ers-owner-jed-york-arrested-pleads-no-contest-misdemeanor-charges,https://a.espncdn.com/photo/2026/0824/r1706289_1296x729_16-9.jpg
2026-08-24T19:48:12.355647+00:00,2026-08-24T18:07:52Z,Mike McCarthy says Steelers at 'impasse' with CB Joey Porter,"The Steelers are at an ""impasse"" with Joey Porter Jr. as the cornerback remains sidelined on the physically unable to perform list, coach Mike McCarthy says.",https://www.espn.com/nfl/story/_/id/49712570/mike-mccarthy-says-steelers-impasse-cb-joey-porter,https://a.espncdn.com/photo/2026/0824/r1706286_1296x729_16-9.jpg
2026-08-24T19:48:12.355647+00:00,2026-08-24T15:36:27Z,Should fantasy managers be worried about Ashton Jeanty's injury?,Should fantasy managers be worried about Ashton Jeanty's injury?,https://www.espn.com/video/clip/_/id/49712218/should-fantasy-managers-worried-ashton-jeanty-injury,https://espnmedia-cdn.akamaized.net/espn/media/common/2026/0824/ss_20260824_110238918_3634991695/ss_20260824_110238918_3634991695.jpg
2026-08-24T19:48:12.355647+00:00,2026-08-24T18:31:56Z,Browns turn to QB Watson with Sanders (and 2027 draft class) lurking,The Browns' quest to answer the franchise's quarterback quandary brings them back to a 30-year-old who faces enormous pressure to succeed.,https://www.espn.com/nfl/story/_/id/49710491/cleveland-browns-deshaun-watson-starting-quarterback-shedeur-sanders-2027-draft-class-lurking,https://a.espncdn.com/photo/2026/0824/r1706150_608x342_16-9.jpg
2026-08-24T19:48:12.355647+00:00,2026-08-24T15:51:22Z,"Fantasy football buzz: Drafting Monday? What you need to know about Jeanty, Raiders","As we await a timetable on Ashton Jeanty, here is an update on his draft outlook and an insurance RB to watch.",https://www.espn.com/fantasy/football/story/_/id/40699880/fantasy-football-injuries-position-battles-nfl-news-analysis,https://a.espncdn.com/photo/2026/0824/r1706220_1296x729_16-9.jpg
2026-08-24T19:48:12.355647+00:00,2026-08-24T15:49:35Z,Predicting NFL teams most likely to improve in 2026 season,"Can the Giants and Jets improve on their awful 2025 records? Will the Chiefs, Lions and Ravens all make it back to the playoffs?",https://www.espn.com/nfl/story/_/id/49671327/2026-nfl-season-predict-teams-improve-more-wins-chiefs-lions-giants-jets-ravens,https://a.espncdn.com/photo/2026/0820/nfl_teams-most-likely-improve_16x9.jpg
2026-08-25T08:23:06.865036+00:00,2026-08-24T20:08:39Z,Ravens believe center Danny Pinter is out for season,The Ravens now believe center Danny Pinter is out for the season and are unsure whether Pro Bowl defensive tackle Nnamdi Madubuike will be ready for the start of the regular season.,https://www.espn.com/nfl/story/_/id/49714805/ravens-believe-center-danny-pinter-season,https://a.espncdn.com/photo/2020/0506/r695957_1296x729_16-9.jpg
2026-08-25T08:23:06.865036+00:00,2026-08-24T20:26:50Z,49ers owner Jed York arrested on suspicion of engaging in prostitution,49ers owner Jed York pleaded no contest to a pair of misdemeanor charges after being arrested in Ohio on suspicion of engaging in prostitution.,https://www.espn.com/nfl/story/_/id/49712639/49ers-owner-jed-york-arrested-pleads-no-contest-misdemeanor-charges,https://a.espncdn.com/photo/2026/0824/r1706289_1296x729_16-9.jpg
2026-08-25T19:48:59.798888+00:00,2026-08-25T14:00:31Z,"NFL Rivalries uniforms 2026: Designs, debuts and details",The second iteration of the NFL's Rivalries uniform series is unveiled with eight new teams from the AFC South and NFC North sharing their threads.,https://www.espn.com/nfl/story/_/id/49578264/nfl-nike-2026-rivalries-uniform-gear-series-unveiling-nfc-north-afc-south,https://a.espncdn.com/photo/2026/0823/5x2.jpg
2026-08-25T19:48:59.798888+00:00,2026-08-25T13:25:46Z,"Commanders release S Will Harris, place LB Drake Jackson on IR","The Commanders released veteran safety Will Harris on Tuesday, one year after he had opened the season as a starter.",https://www.espn.com/nfl/story/_/id/49721716/commanders-release-s-harris-place-lb-drake-jackson-ir,https://a.espncdn.com/photo/2025/1204/r1584923_600x400_3-2.jpg
2026-08-25T19:48:59.798888+00:00,2026-08-25T10:00:11Z,"How Jesse Minter has motivated Lamar Jackson, Ravens to 'Be The Best'",Competitive drive. Player connection. Cool demeanor. All these are why the Ravens believe the 43-year-old can elevate Baltimore to a championship level.,https://www.espn.com/nfl/story/_/id/49712761/how-jesse-minter-motivated-lamar-jackson-ravens-best,https://a.espncdn.com/photo/2026/0825/r1700790_2500x1667cc.jpg
2026-08-25T19:48:59.798888+00:00,2026-08-25T10:00:02Z,"Did Aaron Glenn, Geno Smith change? 10 notes from Jets camp","As New York heads toward the regular season, we look back at training camp, including the high-end promise of rookie linebacker David Bailey﻿.",https://www.espn.com/nfl/story/_/id/49712241/nfl-new-york-jets-aaron-glenn-geno-smith-david-bailey,https://a.espncdn.com/photo/2026/0824/r1706314_608x342_16-9.jpg
2026-08-25T19:48:59.798888+00:00,2026-08-25T10:00:01Z,How Colts' Anthony Richardson is fighting back from adversity,"He was benched, injured and asked to be traded, but Richardson remains in Indy, and he's persevering.",https://www.espn.com/nfl/story/_/id/49714729/colts-quarterback-anthony-richardson-reflects-adversity-optimism,https://a.espncdn.com/photo/2026/0824/r1706414_1296x729_16-9.jpg
2026-08-26T03:38:26.599479+00:00,2026-08-25T23:46:26Z,Chargers wrap training camp with a familiar question: Is the offensive line good enough to contend?,"As the Chargers close out training camp, questions remain about whether their offensive line is strong enough to help the team make a serious run this season.",https://www.espn.com/video/clip/_/id/49726410/offensive-line-good-enough-contend,https://espnmedia-cdn.akamaized.net/espn/media/common/2026/0825/dm_260825_Chargers_IA_OLine/dm_260825_Chargers_IA_OLine.jpg
2026-08-26T03:38:26.599479+00:00,2026-08-25T23:49:05Z,"Gonzalez focused on season, but irked by talks with Patriots","Cornerback Christian Gonzalez, 24, and the New England Patriots continue to discuss a contract extension, and with the regular-season opener Sept. 9 closing in, the veteran defensive back expressed disappointment the sides have yet to reach an agreement.",https://www.espn.com/nfl/story/_/id/49725854/gonzalez-focused-season-irked-talks-patriots,https://a.espncdn.com/photo/2026/0825/r1706900_600x600_1-1.jpg
2026-08-26T03:38:26.599479+00:00,2026-08-25T22:21:38Z,"Panthers coach Canales backs QB Young, defers on extension",Dave Canales reiterated Carolina's commitment to Bryce Young for the 2026 season but said any talk of a potential long-term pact with the quarterback will be the responsibility of the front office.,https://www.espn.com/nfl/story/_/id/49725757/panthers-coach-canales-backs-qb-young-defers-extension,https://a.espncdn.com/photo/2025/1222/r1592528_600x400_3-2.jpg
2026-08-26T03:38:26.599479+00:00,2026-08-25T22:42:02Z,"Bears LT competition still 'a hot spot,' Ben Johnson says",The Bears are still searching for their starting left tackle 19 days ahead of their season opener at the Panthers.,https://www.espn.com/nfl/story/_/id/49725718/bears-lt-competition-hot-spot-ben-johnson-says,https://a.espncdn.com/photo/2026/0122/r1604179_600x400_3-2.jpg
2026-08-26T03:38:26.599479+00:00,2026-08-25T21:28:00Z,"Seahawks put Clark, Richman on season-ending injured reserve","Seahawks rookie safety Bud Clark and offensive lineman Mason Richman, who were both injured in the team's preseason game against the Titans on Sunday, will miss the 2026 season after being placed on injured reserve Tuesday.",https://www.espn.com/nfl/story/_/id/49725451/seahawks-put-clark-richman-season-ending-injured-reserve,https://a.espncdn.com/photo/2026/0825/r1706875_600x400_3-2.jpg
2026-08-26T03:38:26.599479+00:00,2026-08-26T01:06:28Z,Bengals' Ja'Marr Chase says he is 'fine' after injury scare,"Bengals star Ja'Marr Chase says he is ""fine"" after an injury scare at practice in which the WR appeared to injure his left knee.",https://www.espn.com/nfl/story/_/id/49724848/bengals-jamarr-chase-says-fine-injury-scare,https://a.espncdn.com/photo/2025/1114/r1575307_2_1296x729_16-9.jpg
2026-08-26T03:38:26.599479+00:00,2026-08-25T20:57:22Z,Raiders' Klint Kubiak says injured Ashton Jeanty 'on the mend',"Asked Tuesday about the severity of Ashton Jeanty's injury and if the second-year player will begin the season on the injured reserve, coach Klint Kubiak simply said, ""He's on the mend.""",https://www.espn.com/nfl/story/_/id/49724805/raiders-klint-kubiak-says-injured-ashton-jeanty-mend,https://a.espncdn.com/photo/2026/0825/r1706833_1296x729_16-9.jpg
2026-08-26T03:38:26.599479+00:00,2026-08-25T21:18:06Z,New York Giants WR Calvin Austin carted off practice field,"New York receiver Calvin Austin III, 27, who signed with the Giants after spending four seasons with Pittsburgh, suffered a ""serious"" injury to his right knee while running a route at Tuesday's training camp practice, a source told ESPN's Adam Schefter.",https://www.espn.com/nfl/story/_/id/49724505/new-york-giants-wr-calvin-austin-carted-practice-field,https://a.espncdn.com/photo/2026/0825/r1706825_600x600_1-1.jpg
2026-08-26T03:38:26.599479+00:00,2026-08-25T15:32:58Z,Why Field Yates can't work out Bryce Young in fantasy,Why Field Yates can't work out Bryce Young in fantasy,https://www.espn.com/video/clip/_/id/49722593/why-field-yates-work-bryce-young-fantasy,https://espnmedia-cdn.akamaized.net/espn/media/common/2026/0825/ss_20260825_105748172_3635772689/ss_20260825_105748172_3635772689.jpg
2026-08-28T01:46:59.366871+00:00,2026-08-27T22:50:10Z,Titans WR Robinson evaluated for concussion after 'cheap' hit,Titans wide receiver Wan'Dale Robinson is being evaluated for a concussion after taking a big hit from Bears safety Xavier Woods during joint practice Thursday.,https://www.espn.com/nfl/story/_/id/49745927/titans-wr-robinson-evaluated-concussion-cheap-hit,https://a.espncdn.com/photo/2026/0827/r1707811_600x400_3-2.jpg
2026-08-28T01:46:59.366871+00:00,2026-08-27T22:45:52Z,Packers star RB Josh Jacobs charged with two misdemeanors,"Packers running back Josh Jacobs was charged with misdemeanor battery and misdemeanor criminal damage to property, according to Wisconsin court records.",https://www.espn.com/nfl/story/_/id/49745245/packers-star-rb-josh-jacobs-charged-two-misdemeanors,https://a.espncdn.com/photo/2026/0827/r1707794_1296x729_16-9.jpg
2026-08-28T01:46:59.366871+00:00,2026-08-27T19:52:24Z,Dolphins trade WR Tutu Atwell to Rams for RB Jarquez Hunter,"The Dolphins have traded wide receiver Tutu Atwell back to the Rams in exchange for running back Jarquez Hunter, the teams announced on Thursday.",https://www.espn.com/nfl/story/_/id/49744695/dolphins-trade-tutu-atwell-rams-jarquez-hunter,https://a.espncdn.com/photo/2026/0827/r1707752_1296x729_16-9.jpg
2026-08-28T01:46:59.366871+00:00,2026-08-27T17:13:42Z,2027 NFL mock draft: Reid's preseason first-round predictions,"With the college and NFL seasons about to start, Jordan Reid projected the top 32 picks in next year's draft -- including a blockbuster trade.",https://www.espn.com/nfl/draft2027/story/_/id/49684109/2027-nfl-mock-draft-reid-preseason-first-round-predictions-32-picks-manning-moore-carr,https://a.espncdn.com/photo/2026/0825/260826_nfl_jordan-reid-mock-draft_16x9_608x342.jpg
2026-08-28T01:46:59.366871+00:00,2026-08-27T18:13:36Z,Field Yates lays out upside to drafting Deebo Samuel in fantasy,Field Yates lays out upside to drafting Deebo Samuel in fantasy,https://www.espn.com/video/clip/_/id/49742748/field-yates-lays-upside-drafting-deebo-samuel-fantasy,https://espnmedia-cdn.akamaized.net/espn/media/common/2026/0827/ss_20260827_114758224_3637555743/ss_20260827_114758224_3637555743.jpg
2026-08-28T01:46:59.366871+00:00,2026-08-27T13:50:34Z,"Fantasy football sleepers, busts and breakouts for 2026","Which players will surprise, disappoint or make a big jump this fantasy season? Our analysts give their picks.",https://www.espn.com/fantasy/football/story/_/page/FFSleepBustBreak26-49030808/fantasy-football-2026-rankings-nfl-sleepers-breakouts-busts,https://a.espncdn.com/photo/2026/0702/fan_breakout-sleeper-bust_16x9_608x342.jpg
2026-08-28T01:46:59.366871+00:00,2026-08-27T12:45:11Z,How is NFL dealing with players heading back to college? 'Cluster of all clusters',"NFL coaches, execs and agents tell ESPN they're sifting through questions and implications of a new reality, which seems to change by the hour.",https://www.espn.com/nfl/story/_/id/49737553/nfl-dealing-players-returning-college-football-eligibility-ncaa-sec-big-ten-big-12-lsu-cluster,https://a.espncdn.com/photo/2026/0827/r1707475_608x342_16-9.jpg
2026-08-28T01:46:59.366871+00:00,2026-08-27T12:22:23Z,Sources: Texans' Braden Smith avoids long-term injury,"Texans right tackle Braden Smith avoided a long-term injury to his foot, sources told ESPN.",https://www.espn.com/nfl/story/_/id/49741167/sources-texans-braden-smith-avoids-long-term-injury,https://a.espncdn.com/photo/2026/0826/r1707192_1296x729_16-9.jpg
2026-08-28T01:46:59.366871+00:00,2026-08-27T13:08:44Z,Over or under? The teams we like to hit or miss on projected win totals,Which NFL teams will exceed projections and which ones will fall short? Our analysts offer their best bets on teams' win totals.,https://www.espn.com/espn/betting/story/_/id/49662164/2026-nfl-betting-win-totals-odds-futures-picks-predictions,https://a.espncdn.com/photo/2026/0819/r1704024_608x342_16-9.jpg
2026-08-28T01:46:59.366871+00:00,2026-08-27T10:00:01Z,Josh Allen's got jokes -- some too mischievous to tell,We asked the people who have been on the other side of an Allen joke or prank. Here are their stories.,https://www.espn.com/nfl/story/_/id/49723959/josh-allen-got-jokes-some-too-mischievous-tell,https://a.espncdn.com/photo/2026/0824/r1706376_1296x729_16-9.jpg
2026-08-28T01:46:59.366871+00:00,2026-08-27T13:21:17Z,Cowboys' leadership council is taking pressure off Prescott,"While Prescott is the de facto leader, players such as Quinnen Williams and Javonte Williams are stepping up.",https://www.espn.com/nfl/story/_/id/49731659/nfl-dallas-cowboys-dak-prescott-quinnen-williams-kennyu-clark-rashan-gary,https://a.espncdn.com/photo/2026/0826/r1707263_608x342_16-9.jpg
2026-08-28T01:46:59.366871+00:00,2026-08-27T02:08:11Z,Panthers' offensive line struggles against Texans in joint practice,"The Panthers' offensive line had a tough day against the Texans, struggling to protect the quarterback and find consistency throughout joint practice.",https://www.espn.com/video/clip/_/id/49737466/panthers-offensive-line-struggles-texans-joint-practice,https://espnmedia-cdn.akamaized.net/espn/media/common/2026/0826/dm_260826_Panthers_Online_IA/dm_260826_Panthers_Online_IA.jpg
2026-08-28T01:46:59.366871+00:00,2026-08-26T22:40:47Z,Signs calling out Deshaun Watson's past taped to Jim Brown statue,Someone taped signs on Hall of Famer Jim Brown's statue outside the Cleveland Browns ' stadium criticizing the team for having quarterback Deshaun Watson on its roster because of his checkered past.,https://www.espn.com/nfl/story/_/id/49735271/signs-taped-jim-brown-statue-browns-stadium-call-deshaun-watson-past,https://a.espncdn.com/photo/2026/0826/r1707334_600x400_3-2.jpg
2026-09-03T06:32:31.356105+00:00,2026-09-02T23:56:20Z,Bengals' Stewart grateful to practice again after knee injury,"Bengals defensive end Shemar Stewart said Wednesday that he was grateful to practice for the first time since being carted off with a left knee injury that he said made him think ""it was over.""",https://www.espn.com/nfl/story/_/id/49807884/bengals-stewart-grateful-practice-again-knee-injury,https://a.espncdn.com/photo/2026/0902/r1710645_600x400_3-2.jpg
2026-09-03T06:32:31.356105+00:00,2026-09-03T00:12:05Z,"Eric DeCosta 'optimistic' Ravens, Lamar Jackson can reach deal",Ravens general manager Eric DeCosta expressed confidence Wednesday that the team can reach a contract extension with quarterback Lamar Jackson before March.,https://www.espn.com/nfl/story/_/id/49807799/eric-decosta-optimistic-ravens-lamar-jackson-reach-deal-march,https://a.espncdn.com/photo/2025/1205/r1585224_600x400_3-2.jpg
2026-09-03T06:32:31.356105+00:00,2026-09-02T23:40:47Z,Reports: Man charged in attempted burglary of Barkley's home,A 24-year-old man has been arrested and charged with multiple felonies in collection with an attempted break-in at the home of Eagles running back Saquon Barkley and two other burglaries.,https://www.espn.com/nfl/story/_/id/49807101/man-charged-connection-attempted-burglary-barkley-home,https://a.espncdn.com/photo/2026/0820/r1704502_1296x729_16-9.jpg
2026-09-03T06:32:31.356105+00:00,2026-09-02T23:26:01Z,Aaron Rodgers: Steelers' 4-QB room is first of 22-year NFL career,"The 42-year-old quarterback is in new territory, but he says Pittsburgh's young passers are ahead of where he was as a rookie.",https://www.espn.com/nfl/story/_/id/49806322/aaron-rodgers-pittsburgh-steelers-four-quarterback-room-first-22-year-nfl-career,https://a.espncdn.com/photo/2026/0902/r1710579_608x342_16-9.jpg
2026-09-03T06:32:31.356105+00:00,2026-09-02T22:27:42Z,49ers' Nick Bosa practices fully for first time since ACL injury,49ers defensive end Nick Bosa took a big step toward returning to play Wednesday when he participated in a full practice for the first time since tearing his right anterior cruciate ligament in Week 3 of last season.,https://www.espn.com/nfl/story/_/id/49806533/49ers-nick-bosa-practices-fully-first-acl-injury,https://a.espncdn.com/photo/2026/0902/r1710576_1296x729_16-9.jpg
2026-09-03T06:32:31.356105+00:00,2026-09-02T18:40:23Z,Baker Mayfield on season ahead and life without Mike Evans,Baker Mayfield on season ahead and life without Mike Evans,https://www.espn.com/video/clip/_/id/49805608/baker-mayfield-season-ahead-life-mike-evans,https://espnmedia-cdn.akamaized.net/espn/media/common/2026/0902/dm_260902_The_Rich_Eisen_Show_Baker_Mayfield/dm_260902_The_Rich_Eisen_Show_Baker_Mayfield.jpg
2026-09-03T06:32:31.356105+00:00,2026-09-02T19:21:51Z,"Panthers RB Jonathon Brooks still out, coach optimistic","Panthers running back Jonathon Brooks has been missing practices with injury, but coach Dave Canales is not concerned.",https://www.espn.com/nfl/story/_/id/49805489/panthers-rb-jonathon-brooks-coach-optimistic,https://a.espncdn.com/photo/2024/1208/r1425255_2_600x400_3-2.jpg
2026-09-03T06:32:31.356105+00:00,2026-09-02T18:20:00Z,"Vikings GM expects McCarthy to be on Week 1 roster, 'to develop'",Vikings general manager Nolan Teasley said Wednesday he expects quarterback J.J. McCarthy to be a part of the team when the regular season begins.,https://www.espn.com/nfl/story/_/id/49805381/vikings-gm-expects-mccarthy-week-1-roster-develop,https://a.espncdn.com/photo/2026/0902/r1710512_1296x729_16-9.jpg
2026-09-03T06:32:31.356105+00:00,2026-09-02T17:33:54Z,"Lions want to keep Branch and LaPorta, expect Branch, Joseph back after PUP stints","Lions want to keep Branch and LaPorta, expect Branch, Joseph back after PUP stints",https://www.espn.com/video/clip/_/id/49805146/lions-want-keep-branch-laporta-expect-branch-joseph-back-pup-stints,https://espnmedia-cdn.akamaized.net/espn/media/common/2026/0902/dm_260902_Lions_Laporta_branch_presser/dm_260902_Lions_Laporta_branch_presser.jpg
2026-09-03T06:32:31.356105+00:00,2026-09-02T17:13:11Z,Raiders name Kirk Cousins starting QB for Week 1 over Fernando Mendoza,Kirk Cousins will begin the season as the Raiders' starting quarterback over rookie Fernando Mendoza.,https://www.espn.com/nfl/story/_/id/49804802/raiders-name-kirk-cousins-starting-qb-week-1-fernando-mendoza,https://a.espncdn.com/photo/2026/0828/r1707989_1296x729_16-9.jpg
2026-09-03T06:32:31.356105+00:00,2026-09-02T17:36:04Z,"Lions safeties Branch, Joseph expected to return after PUP stints","Lions starting safeties Brian Branch (Achilles) and Kerby Joseph (knee), who will both miss the first four games of the season, are expected to return at some point, according to GM Brad Holmes",https://www.espn.com/nfl/story/_/id/49804319/lions-safeties-branch-joseph-pup-list-miss-first-4-games,https://a.espncdn.com/photo/2026/0720/r1691860_600x400_3-2.jpg
2026-09-03T06:32:31.356105+00:00,2026-09-02T16:31:46Z,"Eagles' Hurts agrees that he, Brown grew apart last season",Eagles quarterback Jalen Hurts confirmed former teammate A.J. Brown's comments that the two had grown apart last season in QB's interview with GQ magazine.,https://www.espn.com/nfl/story/_/id/49804039/eagles-hurts-agrees-brown-grew-apart-last-season,https://a.espncdn.com/photo/2026/0902/r1710426_1296x729_16-9.jpg
2026-09-03T06:32:31.356105+00:00,2026-09-02T14:51:58Z,Facts vs. Feelings: In on Ladd McConkey? Out on Bucky Irving? What about Lamar Jackson?,"In advance of the biggest draft weekend, Liz Loza reveals her strongest thoughts to help you have a successful draft.",https://www.espn.com/fantasy/football/story/_/id/49798112/2026-fantasy-football-facts-vs-feelings-ladd-mcconkey-bucky-irving-lamar-jackson-colston-loveland,https://a.espncdn.com/photo/2026/0902/r1710213_1296x729_16-9.jpg
2026-09-03T06:32:31.356105+00:00,2026-09-02T12:20:31Z,"What will Packers get from Kaleb Johnson, Jonnu Smith?",The three newest Packers won't have much time to get their bearings before Week 1 kicks off against the Vikings.,https://www.espn.com/nfl/story/_/id/49797135/nfl-green-bay-packers-kaleb-johnson-jonnu-smith-mark-redman,https://a.espncdn.com/photo/2026/0901/r1710162_608x342_16-9.jpg
2026-09-03T06:32:31.356105+00:00,2026-09-02T13:21:30Z,Life without Myles Garrett: What to expect from Browns defense,"Cleveland still expects to field one of the NFL's stingiest defenses -- with a new coordinator, Jared Verse and plenty of returning talent.",https://www.espn.com/nfl/story/_/id/49795276/cleveland-browns-life-myles-garrett-expect-2026-defense-jared-verse,https://a.espncdn.com/photo/2026/0901/r1710119_608x342_16-9.jpg
2026-09-03T06:32:31.356105+00:00,2026-09-02T14:41:27Z,Linebacker Kyle Van Noy signs with Vikings on practice squad,The Vikings have signed 13-year veteran outside linebacker Kyle Van Noy to their practice squad.,https://www.espn.com/nfl/story/_/id/49800271/linebacker-kyle-van-noy-35-signs-vikings-reports-say,https://a.espncdn.com/photo/2026/0125/r1605489_1296x729_16-9.jpg
2026-09-03T06:32:31.356105+00:00,2026-09-02T00:15:58Z,Fantasy football Knockout league rankings: The 252 players to draft,"Rankings for knockout leagues, where the lowest-scoring team is eliminated and the last team standing wins.",https://www.espn.com/fantasy/football/story/_/id/49309401/fantasy-football-knockout-rankings-top-200,https://a.espncdn.com/photo/2026/0708/r1686582_1296x729_16-9.jpg
2026-09-03T06:32:31.356105+00:00,2026-09-01T21:40:15Z,Detroit Lions place RB Isiah Pacheco on injured reserve,"The Detroit Lions have placed running back Isiah Pacheco, 27, on the injured reserve list, the team announced Tuesday. The veteran is dealing with an MCL sprain in addition to a recent back injury that he suffered during training camp.",https://www.espn.com/nfl/story/_/id/49796729/detroit-lions-place-rb-isiah-pacheco-injured-reserve,https://a.espncdn.com/photo/2026/0901/r1710127_600x600_1-1.jpg
2026-09-03T06:32:31.356105+00:00,2026-09-01T21:59:44Z,Steelers' Joey Porter Jr. on playing without deal: 'I don't know',Steelers cornerback Joey Porter Jr. was noncommittal Tuesday when asked if he would play without a contract extension.,https://www.espn.com/nfl/story/_/id/49796601/steelers-joey-porter-jr-playing-deal-know,https://a.espncdn.com/photo/2026/0901/r1710120_1296x729_16-9.jpg
2026-09-03T06:32:31.356105+00:00,2026-09-01T18:05:37Z,GM has 'hope' CB Kyler Gordon (calf) plays with Bears again,"GM Ryan Poles said Tuesday he didn't know if CB Kyler Gordon, who is on the PUP list as he recovers from a calf injury, will play for the Bears again.",https://www.espn.com/nfl/story/_/id/49795043/gm-hope-cb-kyler-gordon-calf-plays-bears-again,https://a.espncdn.com/photo/2026/0820/r1704455_600x400_3-2.jpg
2026-09-03T12:32:43.006884+00:00,2026-09-03T02:13:01Z,Aaron Rodgers: Steelers' 4-QB room is first of 22-year NFL career,"The 42-year-old quarterback is in new territory, but he says Pittsburgh's young passers are ahead of where he was as a rookie.",https://www.espn.com/nfl/story/_/id/49806322/aaron-rodgers-pittsburgh-steelers-four-quarterback-room-first-22-year-nfl-career,https://a.espncdn.com/photo/2026/0902/r1710579_608x342_16-9.jpg
2026-09-03T18:29:39.654359+00:00,2026-09-03T16:52:28Z,"NFL players, coaches, GMs under the most pressure in 2026",Can Baker Mayfield and C.J. Stroud play their way to big contracts? Is Aaron Glenn on thin ice with the Jets? Which 2024 first-rounders have fifth-year options at stake?,https://www.espn.com/nfl/story/_/id/49784757/2026-nfl-season-players-coaches-gms-pressure-most-gain-lose,https://a.espncdn.com/photo/2026/0902/r1710588_608x342_16-9.jpg
2026-09-03T18:29:39.654359+00:00,2026-09-03T18:08:40Z,Anthony Richardson 'grateful' after being named Colts' QB2,"Anthony Richardson will be the Colts' backup quarterback entering the 2026 season, coach Shane Steichen said Thursday.",https://www.espn.com/nfl/story/_/id/49815346/anthony-richardson-grateful-being-named-colts-qb2,https://a.espncdn.com/photo/2026/0903/r1710919_1296x729_16-9.jpg
2026-09-03T18:29:39.654359+00:00,2026-09-03T15:27:10Z,Super Bowl LXI odds: All 32 teams' odds to win the championship,"Every NFL team's win total, as well as odds to win their division, the conference and Super Bowl LXI.",https://www.espn.com/espn/betting/story/_/id/47809892/2026-super-bowl-lxi-odds-nfl-sports-betting-season-win-totals-playoffs,https://a.espncdn.com/photo/2026/0202/r1609489_608x342_16-9.jpg
2026-09-03T18:29:39.654359+00:00,2026-09-03T15:13:26Z,Daniel Dopp lays out important numbers to know for Tee Higgins,Daniel Dopp lays out important numbers to know for Tee Higgins,https://www.espn.com/video/clip/_/id/49814537/daniel-dopp-lays-important-numbers-know-tee-higgins,https://espnmedia-cdn.akamaized.net/espn/media/common/2026/0903/ss_20260903_105023779_3645279671/ss_20260903_105023779_3645279671.jpg
2026-09-03T18:29:39.654359+00:00,2026-09-03T18:17:32Z,Athletic finds Russini-Vrabel ties violated newsroom standards,"Former Athletic reporter Dianna Russini's relationship with Mike Vrabel violated newsroom standards but showed no clear bias toward the Patriots head coach, the Athletic said Thursday.",https://www.espn.com/nfl/story/_/id/49812214/athletic-investigation-dianna-russini-mike-vrabel-violate-standards,https://a.espncdn.com/photo/2026/0903/r1710806_800x450_16-9.jpg
2026-09-03T18:29:39.654359+00:00,2026-09-03T13:57:23Z,Mike Clay's early 2026 fantasy football PPR rankings,"Position-by-position rankings for the 2026 fantasy season, updated throughout the summer.",https://www.espn.com/fantasy/football/story/_/id/47513496/2026-fantasy-football-rankings-ppr-mike-clay,https://a.espncdn.com/photo/2026/0330/r1636142_1296x729_16-9.jpg
2026-09-03T18:29:39.654359+00:00,2026-09-03T16:16:44Z,Who calls plays for every NFL team in 2026? What to know,"From veterans to newbies, here's everything you need to know about the NFL's playcallers in 2026.",https://www.espn.com/nfl/story/_/id/49711157/nfl-playcallers-32-teams-mike-mcdaniel-sean-mcvay-mike-mccarthy,https://a.espncdn.com/photo/2026/0831/nfl_playcallers_16x9_608x342.jpg
2026-09-03T18:29:39.654359+00:00,2026-09-03T12:35:37Z,Can Geno Smith rewrite his narrative in return to Jets?,"New York drafted the quarterback in 2013, and now he returns after a nine-year hiatus.",https://www.espn.com/nfl/story/_/id/49797721/new-york-jets-geno-smith-comeback-narrative,https://a.espncdn.com/photo/2026/0902/r1710541_608x342_16-9.jpg
2026-09-03T18:29:39.654359+00:00,2026-09-03T10:40:29Z,"Eric DeCosta 'optimistic' Ravens, Lamar Jackson can reach deal",Ravens general manager Eric DeCosta expressed confidence Wednesday that the team can reach a contract extension with quarterback Lamar Jackson before March.,https://www.espn.com/nfl/story/_/id/49807799/eric-decosta-optimistic-ravens-lamar-jackson-reach-deal-march,https://a.espncdn.com/photo/2025/1205/r1585224_600x400_3-2.jpg
2026-09-03T18:29:39.654359+00:00,2026-09-03T10:40:43Z,"Vikings GM expects McCarthy to be on Week 1 roster, 'to develop'",Vikings general manager Nolan Teasley said Wednesday he expects quarterback J.J. McCarthy to be a part of the team when the regular season begins.,https://www.espn.com/nfl/story/_/id/49805381/vikings-gm-expects-mccarthy-week-1-roster-develop,https://a.espncdn.com/photo/2026/0902/r1710512_1296x729_16-9.jpg
2026-09-03T18:29:39.654359+00:00,2026-09-03T10:40:09Z,Raiders name Kirk Cousins starting QB for Week 1 over Fernando Mendoza,Kirk Cousins will begin the season as the Raiders' starting quarterback over rookie Fernando Mendoza.,https://www.espn.com/nfl/story/_/id/49804802/raiders-name-kirk-cousins-starting-qb-week-1-fernando-mendoza,https://a.espncdn.com/photo/2026/0828/r1707989_1296x729_16-9.jpg
2026-09-03T18:29:39.654359+00:00,2026-09-03T10:41:36Z,"Eagles' Hurts agrees that he, Brown grew apart last season",Eagles quarterback Jalen Hurts confirmed former teammate A.J. Brown's comments that the two had grown apart last season in QB's interview with GQ magazine.,https://www.espn.com/nfl/story/_/id/49804039/eagles-hurts-agrees-brown-grew-apart-last-season,https://a.espncdn.com/photo/2026/0902/r1710426_1296x729_16-9.jpg
2026-09-03T18:29:39.654359+00:00,2026-09-03T18:20:07Z,Facts vs. Feelings: In on Ladd McConkey? Out on Bucky Irving? What about Lamar Jackson?,"In advance of the biggest draft weekend, Liz Loza reveals her strongest thoughts to help you have a successful draft.",https://www.espn.com/fantasy/football/story/_/id/49798112/2026-fantasy-football-facts-vs-feelings-ladd-mcconkey-bucky-irving-lamar-jackson-colston-loveland,https://a.espncdn.com/photo/2026/0902/r1710213_1296x729_16-9.jpg
2026-09-04T00:33:29.000213+00:00,2026-09-04T00:09:35Z,Fantasy football buzz: D'Andre Swift and Rome Odunze are injured ... now what?,"With D'Andre Swift and Rome Odunze both leaving practice early, fantasy managers might need to reconsider their strategy if drafting Thursday night.",https://www.espn.com/fantasy/football/story/_/id/40699880/fantasy-football-injuries-position-battles-nfl-news-analysis,https://a.espncdn.com/photo/2026/0903/r1711105_1296x729_16-9.jpg
2026-09-04T00:33:29.000213+00:00,2026-09-03T23:58:23Z,"Former Wake Forest, NFL DB Alphonso Smith dies at age 40","Alphonso Smith, a two-time All-America defensive back who played four seasons in the NFL, has died.",https://www.espn.com/nfl/story/_/id/49818526/former-wake-forest-nfl-db-alphonso-smith-dies-age-40,https://a.espncdn.com/photo/2026/0903/r1711113_600x400_3-2.jpg
2026-09-04T00:33:29.000213+00:00,2026-09-03T22:12:30Z,"How the 49ers, NFL made 'seamless' travel plan to Australia","The 49ers touched down Thursday for their weeklong stay in Melbourne, Australia, to face the Rams. How did the team prepare for the trip?",https://www.espn.com/nfl/story/_/id/49803389/san-francisco-49ers-travel-plan-melbourne-australia-los-angeles-rams,https://a.espncdn.com/photo/2026/0903/r1710909_608x342_16-9.jpg
2026-09-04T00:33:29.000213+00:00,2026-09-03T23:52:13Z,Mark Sanchez plans to plead guilty in Indianapolis assault case,Former NFL quarterback and Fox broadcaster Mark Sanchez has agreed to plead guilty in connection to the alleged attack of a truck driver in Indianapolis last year.,https://www.espn.com/nfl/story/_/id/49818375/mark-sanchez-plans-plead-guilty-indianapolis-assault-case,https://a.espncdn.com/photo/2025/1004/r1555562_1296x729_16-9.jpg
2026-09-04T00:33:29.000213+00:00,2026-09-03T19:18:47Z,Giants' Cam Skattebo says he mulled retiring after 2025 injury,"Giants running back Cam Skattebo said Thursday on the ""Up & Adams Show"" that he briefly contemplated retirement after he suffered an open fracture of his right ankle during his rookie season.",https://www.espn.com/nfl/story/_/id/49816937/giants-cam-skattebo-says-mulled-retiring-2025-injury,https://a.espncdn.com/photo/2026/0903/r1711024_1296x729_16-9.jpg
2026-09-04T00:33:29.000213+00:00,2026-09-03T18:33:40Z,Athletic finds Russini-Vrabel ties violated newsroom standards,"Former Athletic reporter Dianna Russini's relationship with Mike Vrabel violated newsroom standards but showed no clear bias toward the Patriots head coach, The Athletic said Thursday.",https://www.espn.com/nfl/story/_/id/49812214/athletic-investigation-dianna-russini-mike-vrabel-violate-standards,https://a.espncdn.com/photo/2026/0903/r1710806_800x450_16-9.jpg
2026-09-04T06:31:10.902382+00:00,2026-09-04T01:07:58Z,"Sources: Cowboys restructure deals of Clark, Bland, Ferguson","Veteran defensive tackle Kenny Clark, cornerback DaRon Bland and tight end Jake Ferguson had their deals reworked to give Dallas flexibility, sources said.",https://www.espn.com/nfl/story/_/id/49819676/sources-cowboys-restructure-deals-clark-bland-ferguson,https://a.espncdn.com/photo/2026/0610/r1670829_600x400_3-2.jpg
2026-09-04T06:31:10.902382+00:00,2026-09-04T00:38:42Z,Cowboys' Luepke trades jersey number to Von Miller for chicken ownership stake,Miller was able to take over No. 40 from the fullback after a brief and interesting negotiation following the future Hall of Fame pass rusher's arrival to the Cowboys.,https://www.espn.com/nfl/story/_/id/49818264/dallas-cowboys-hunter-luepke-von-miller-jersey-number-trade,https://a.espncdn.com/photo/2026/0823/r1705841_608x342_16-9.jpg
2026-09-04T06:31:10.902382+00:00,2026-09-04T02:24:56Z,"How the 49ers, NFL made 'seamless' travel plan to Australia","The 49ers touched down Thursday for their weeklong stay in Melbourne, Australia, to face the Rams. How did the team prepare for the trip?",https://www.espn.com/nfl/story/_/id/49803389/san-francisco-49ers-travel-plan-melbourne-australia-los-angeles-rams,https://a.espncdn.com/photo/2026/0903/r1710909_608x342_16-9.jpg
2026-09-04T12:32:01.921509+00:00,2026-09-04T10:48:34Z,"Inside the world of high-stakes NFL survivor pools: Las Vegas, 'Meatball Brothers' -- and a $20 million prize","In the heart of Las Vegas, bettors try to do the unthinkable: turn $1,000 into $20 million throughout the NFL season.",https://www.espn.com/espn/betting/story/_/id/49785676/nfl-survivor-betting-circa-sportsbook-las-vegas-2026,https://a.espncdn.com/photo/2026/0903/r1710970_1296x729_16-9.jpg
2026-09-04T12:32:01.921509+00:00,2026-09-04T10:30:28Z,2026 NFL season X factors: Key players for all 32 teams,"What do Marvin Harrison Jr., Jared Verse and Travis Hunter have in common? The success of their teams could depend on them.",https://www.espn.com/nfl/story/_/id/49797638/2026-nfl-season-x-factors-all-32-teams-key-players,https://a.espncdn.com/photo/2026/0903/r1711093_608x342_16-9.jpg
2026-09-04T12:32:01.921509+00:00,2026-09-04T10:00:04Z,"Expectations for Jaguars' Liam Coen, Trevor Lawrence in 2026",The Jaguars haven't made back-to-back postseason appearances this century. But they think 2026 can be different with Coen and Lawrence.,https://www.espn.com/nfl/story/_/id/49797728/jacksonville-jaguars-liam-coen-qb-trevor-lawrence-expectations-2026,https://a.espncdn.com/photo/2026/0901/r1710171_2_608x342_16-9.jpg
2026-09-04T12:32:01.921509+00:00,2026-09-04T10:00:12Z,Cowboys first-rounder Caleb Downs living up to the hype,Downs has exceeded expectations throughout the offseason as the safety heads toward his NFL debut against the Giants in Week 1.,https://www.espn.com/nfl/story/_/id/49802626/nfl-dallas-cowboys-caleb-downs-christian-parker,https://a.espncdn.com/photo/2026/0902/r1710358_608x342_16-9.jpg
2026-09-04T12:32:01.921509+00:00,2026-09-04T10:00:12Z,Why Bucs' Mayfield has 'extra motivation' heading into season,The self-imposed deadline has passed for Tampa Bay's quarterback as he now turns his attention to the season.,https://www.espn.com/nfl/story/_/id/49815432/tampa-bay-buccaneers-qb-baker-mayfield-motivated-contract-dispute,https://a.espncdn.com/photo/2026/0903/r1711020_608x342_16-9.jpg
2026-09-04T18:26:56.054424+00:00,2026-09-04T16:46:49Z,"Fantasy football sleepers, busts and breakouts for 2026","Which players will surprise, disappoint or make a big jump this fantasy season? Our analysts give their picks.",https://www.espn.com/fantasy/football/story/_/page/FFSleepBustBreak26-49030808/fantasy-football-2026-rankings-nfl-sleepers-breakouts-busts,https://a.espncdn.com/photo/2026/0702/fan_breakout-sleeper-bust_16x9_608x342.jpg
2026-09-04T18:26:56.054424+00:00,2026-09-04T16:44:58Z,Who will be this year's fantasy football 'league winners'?,Michael F. Florio shares his players with breakout potential who could lead fantasy managers to titles in 2026.,https://www.espn.com/fantasy/football/story/_/id/49734412/2026-fantasy-football-breakout-stars-league-winners-michael-florio,https://a.espncdn.com/photo/2026/0827/r1707807_608x342_16-9.jpg
2026-09-04T18:26:56.054424+00:00,2026-09-04T16:32:41Z,Eric Karabell's 2026 fantasy football flex and superflex rankings,"A look at the top 200 QBs, RBs, WRs and TEs for 2026 drafts, updated throughout the fantasy football offseason.",https://www.espn.com/fantasy/football/story/_/id/47539664/2026-fantasy-football-rankings-flex-superflex-ppr-eric-karabell,https://a.espncdn.com/photo/2025/1218/r1591212_1296x729_16-9.jpg
2026-09-04T18:26:56.054424+00:00,2026-09-04T16:29:33Z,Fantasy football draft rankings 2026: Running back,"Fantasy football draft rankings from Matt Bowen, Mike Clay, Tristan H. Cockcroft, Daniel Dopp, Eric Karabell, Liz Loza, Eric Moody and Field Yates.",https://www.espn.com/fantasy/football/story/_/page/FFPreseasonRank26RB/nfl-fantasy-football-draft-rankings-2026-rb-running-back,https://a.espncdn.com/photo/2025/1130/r1583040_1296x729_16-9.jpg
2026-09-04T18:26:56.054424+00:00,2026-09-04T16:29:03Z,Fantasy football draft rankings 2026: Quarterback,"Fantasy football draft rankings from Matt Bowen, Mike Clay, Tristan H. Cockcroft, Daniel Dopp, Eric Karabell, Liz Loza, Eric Moody and Field Yates.",https://www.espn.com/fantasy/football/story/_/page/FFPreseasonRank26QB/nfl-fantasy-football-draft-rankings-2026-qb-quarterback,https://a.espncdn.com/photo/2026/0105/r1596890_1296x729_16-9.jpg
2026-09-04T18:26:56.054424+00:00,2026-09-04T14:34:36Z,Fantasy football rankings for Week 1: Quarterback,"Fantasy football rankings from Matt Bowen, Mike Clay, Tristan H. Cockcroft, Daniel Dopp, Eric Karabell, Liz Loza, Eric Moody and Field Yates.",https://www.espn.com/fantasy/football/story/_/page/FFWeeklyPlayerRank26-49804022/nfl-fantasy-football-rankings-2026-qb-quarterback,https://a.espncdn.com/photo/2026/0903/r1711049_1296x729_16-9.jpg
2026-09-04T18:26:56.054424+00:00,2026-09-04T14:35:00Z,Fantasy football rankings for Week 1: Running back,"Fantasy football rankings from Matt Bowen, Mike Clay, Tristan H. Cockcroft, Daniel Dopp, Eric Karabell, Liz Loza, Eric Moody and Field Yates.",https://www.espn.com/fantasy/football/story/_/page/FFWeeklyPlayerRank26-49804068/nfl-fantasy-football-rankings-2026-rb-running-back,https://a.espncdn.com/photo/2026/0903/r1711047_1296x729_16-9.jpg
2026-09-04T18:26:56.054424+00:00,2026-09-04T16:56:20Z,"Inside the world of high-stakes NFL survivor pools: Las Vegas, 'Meatball Brothers' -- and a $20 million prize","In the heart of Las Vegas, bettors try to do the unthinkable: turn $1,000 into $20 million throughout the NFL season.",https://www.espn.com/espn/betting/story/_/id/49785676/nfl-survivor-betting-circa-sportsbook-las-vegas-2026,https://a.espncdn.com/photo/2026/0903/r1710970_1296x729_16-9.jpg
2026-09-04T18:26:56.054424+00:00,2026-09-04T16:45:57Z,2026 NFL season X factors: Key players for all 32 teams,"What do Marvin Harrison Jr., Jared Verse and Travis Hunter have in common? The success of their teams could depend on them.",https://www.espn.com/nfl/story/_/id/49797638/2026-nfl-season-x-factors-all-32-teams-key-players,https://a.espncdn.com/photo/2026/0903/r1711093_608x342_16-9.jpg
2026-09-04T18:26:56.054424+00:00,2026-09-04T13:42:45Z,"Expectations for Jaguars' Liam Coen, Trevor Lawrence in 2026",The Jaguars haven't made back-to-back postseason appearances this century. But they think 2026 can be different with Coen and Lawrence.,https://www.espn.com/nfl/story/_/id/49797728/jacksonville-jaguars-liam-coen-qb-trevor-lawrence-expectations-2026,https://a.espncdn.com/photo/2026/0901/r1710171_2_608x342_16-9.jpg
2026-09-04T18:26:56.054424+00:00,2026-09-04T13:06:38Z,Why Bucs' Mayfield has 'extra motivation' heading into season,The self-imposed deadline has passed for Tampa Bay's quarterback as he now turns his attention to the season.,https://www.espn.com/nfl/story/_/id/49815432/tampa-bay-buccaneers-qb-baker-mayfield-motivated-contract-dispute,https://a.espncdn.com/photo/2026/0903/r1711020_608x342_16-9.jpg
2026-09-04T18:26:56.054424+00:00,2026-09-04T13:37:38Z,Mark Sanchez plans to plead guilty in Indianapolis assault case,Former NFL quarterback and Fox broadcaster Mark Sanchez has agreed to plead guilty in connection to the alleged attack of a truck driver in Indianapolis last year.,https://www.espn.com/nfl/story/_/id/49818375/mark-sanchez-plans-plead-guilty-indianapolis-assault-case,https://a.espncdn.com/photo/2025/1004/r1555562_1296x729_16-9.jpg
2026-09-05T00:34:58.441675+00:00,2026-09-04T21:57:46Z,Ultimate Fantasy Football Cheat Sheet: The names you need to know for draft day,All the names we've been talking about in a printable cheat sheet for your fantasy football draft.,https://www.espn.com/fantasy/football/story/_/id/49690629/2026-fantasy-football-cheat-sheet-draft-tips-sleepers-busts,https://a.espncdn.com/photo/2026/0822/r1705246_1296x729_16-9.jpg
2026-09-05T00:34:58.441675+00:00,2026-09-04T19:33:34Z,Josh Jacobs' court appearance moved up to Sept. 10,Packers running back Josh Jacobs' initial court appearance on misdemeanor charges has been moved up more than two months to Sept. 10.,https://www.espn.com/nfl/story/_/id/49827202/josh-jacobs-court-appearance-moved-sept-10,https://a.espncdn.com/photo/2026/0827/r1707794_1296x729_16-9.jpg
2026-09-05T00:34:58.441675+00:00,2026-09-04T19:08:46Z,"Rams plan to bring entire team to season opener, including Donald","The Rams ""plan"" to bring all of their players to Melbourne, Australia, for their season opener against the 49ers, head coach Sean McVay said Friday.",https://www.espn.com/nfl/story/_/id/49826940/rams-plan-bring-entire-team-season-opener-including-donald,https://a.espncdn.com/photo/2026/0901/r1709799_600x400_3-2.jpg
2026-09-05T00:34:58.441675+00:00,2026-09-04T18:25:39Z,Why Bucs' Mayfield has 'extra motivation' heading into season,The self-imposed deadline has passed for Tampa Bay's quarterback as he now turns his attention to the season.,https://www.espn.com/nfl/story/_/id/49815432/tampa-bay-buccaneers-qb-baker-mayfield-motivated-contract-dispute,https://a.espncdn.com/photo/2026/0903/r1711020_608x342_16-9.jpg
2026-09-05T00:34:58.441675+00:00,2026-09-04T19:00:08Z,"Sources: Cowboys restructure deals of Clark, Bland, Ferguson","Veteran defensive tackle Kenny Clark, cornerback DaRon Bland and tight end Jake Ferguson had their deals reworked to give Dallas flexibility, sources said.",https://www.espn.com/nfl/story/_/id/49819676/sources-cowboys-restructure-deals-clark-bland-ferguson,https://a.espncdn.com/photo/2026/0610/r1670829_600x400_3-2.jpg
2026-09-05T10:34:38.346616+00:00,2026-09-05T10:00:31Z,Chase Brown won't be overlooked in Bengals' offense,The Bengals plan to reduce dramatically their shotgun snaps in hopes of using Brown more all over the field.,https://www.espn.com/nfl/story/_/id/49818803/cincinnati-bengals-chase-brown-outlook-2026,https://a.espncdn.com/photo/2026/0803/r1697190_608x342_16-9.jpg
2026-09-05T10:34:38.346616+00:00,2026-09-05T10:00:29Z,"2026 NFL rookies guide: Stat leaders, fantasy picks, top QBs","Here's what to know about this group of rookies, including Rookie of the Year front-runners, fantasy favorites and QB updates.",https://www.espn.com/nfl/story/_/id/49785060/2026-nfl-rookies-guide-fantasy-picks-stat-projections-top-qbs-roy,https://a.espncdn.com/photo/2026/0903/r1710940_608x342_16-9.jpg
2026-09-05T10:34:38.346616+00:00,2026-09-05T00:00:27Z,Ultimate Fantasy Football Cheat Sheet: The names you need to know for draft day,All the names we've been talking about in a printable cheat sheet for your fantasy football draft.,https://www.espn.com/fantasy/football/story/_/id/49690629/2026-fantasy-football-cheat-sheet-draft-tips-sleepers-busts,https://a.espncdn.com/photo/2026/0822/r1705246_1296x729_16-9.jpg
2026-09-05T15:13:37.662594+00:00,2026-09-05T10:21:31Z,Does OBJ still got it? Fans and teammates seem to think so,The WR is back with New York after eight years. Fans and teammates are all in on OBJ's New York revival.,https://www.espn.com/nfl/story/_/id/49815548/odell-beckham-jr-got-fans-teammates-agree,https://a.espncdn.com/photo/2026/0903/r1710929_1296x729_16-9.jpg
2026-09-05T15:13:37.662594+00:00,2026-09-05T10:28:57Z,Chase Brown won't be overlooked in Bengals' offense,The Bengals plan to reduce dramatically their shotgun snaps in hopes of using Brown more all over the field.,https://www.espn.com/nfl/story/_/id/49818803/cincinnati-bengals-chase-brown-outlook-2026,https://a.espncdn.com/photo/2026/0803/r1697190_608x342_16-9.jpg
2026-09-05T20:20:06.044736+00:00,2026-09-05T19:07:23Z,Does OBJ still got it? Fans and teammates seem to think so,The WR is back with New York after eight years. Fans and teammates are all in on OBJ's New York revival.,https://www.espn.com/nfl/story/_/id/49815548/odell-beckham-jr-got-fans-teammates-agree,https://a.espncdn.com/photo/2026/0903/r1710929_1296x729_16-9.jpg
2026-09-06T04:38:16.233740+00:00,2026-09-05T23:51:33Z,"Vikings safety Smith agrees to deal, back for 15th season","Vikings safety Harrison Smith is returning for a 15th season, with sources telling NFL Network he reached a one-year deal worth $12.25 million.",https://www.espn.com/nfl/story/_/id/49841519/vikings-safety-smith-agrees-deal-back-15th-season,https://a.espncdn.com/photo/2026/0125/r1605472_600x400_3-2.jpg
2026-09-06T10:55:33.507601+00:00,2026-09-06T03:03:22Z,"With title 'in the past,' Seahawks set to tackle new season","Months after winning the Super Bowl over the New England Patriots, the Seattle Seahawks spoke Saturday about being ready to ""play some new football"" and to keep ""searching for ways to make what we do better,"" as Week 1 approaches.",https://www.espn.com/nfl/story/_/id/49842951/with-title-seahawks-set-tackle-new-season,https://a.espncdn.com/photo/2026/0906/r1712102_600x600_1-1.jpg
2026-09-06T10:55:33.507601+00:00,2026-09-06T02:38:46Z,"Vikings safety Smith agrees to deal, back for 15th season","Vikings safety Harrison Smith is returning for a 15th season, with sources telling NFL Network he reached a one-year deal worth $12.25 million.",https://www.espn.com/nfl/story/_/id/49841519/vikings-safety-smith-agrees-deal-back-15th-season,https://a.espncdn.com/photo/2026/0125/r1605472_600x400_3-2.jpg
2026-09-06T15:27:59.965478+00:00,2026-09-06T10:00:12Z,Touring the Denver Broncos' new $175 million team facility,"The 240,000 square-foot facility opened this summer and is the jewel of the Broncos' quest for a championship. Let's peek inside.",https://www.espn.com/nfl/story/_/id/49807014/denver-broncos-new-state-art-football-facility-175-million-pictures,https://a.espncdn.com/photo/2026/0903/r1710665_608x342_16-9.jpg
2026-09-06T15:27:59.965478+00:00,2026-09-06T11:46:03Z,What will Patriots do if RB TreVeyon Henderson is out Week 1?,"Henderson did not practice on Saturday, raising some questions about New England's lack of proven depth at running back.",https://www.espn.com/nfl/story/_/id/49830485/what-patriots-do-treveyon-henderson-injured-opener-week-1-2026-nfl-season,https://a.espncdn.com/photo/2026/0905/r1711598_608x342_16-9.jpg
2026-09-06T15:27:59.965478+00:00,2026-09-06T10:28:21Z,Colts' Daniel Jones has one box left to check in dramatic return,"When the quarterback faces the Ravens in Week 1, it will be yet another attempt to rise from disappointment.",https://www.espn.com/nfl/story/_/id/49836812/colts-daniel-jones-one-box-left-check-dramatic-return,https://a.espncdn.com/photo/2026/0905/r1711832_2_1296x729_16-9.jpg
2026-09-07T04:40:33.940142+00:00,2026-09-06T21:22:44Z,Fantasy football rankings: Matt Bowen's quarterback tiers for 2026,Creating your own rankings tiers is an essential part of draft prep. Matt Bowen gives you a head start.,https://www.espn.com/fantasy/football/story/_/id/49585132/2026-fantasy-football-rankings-quarterback-tiers-qb,https://a.espncdn.com/photo/2026/0813/r1701247_1296x729_16-9.jpg
2026-09-07T04:40:33.940142+00:00,2026-09-06T21:23:05Z,Fantasy football rankings: Matt Bowen's tight end tiers for 2026,"Matt Bowen breaks his tight ends into tiers, helping you identify where value drops off throughout the draft.",https://www.espn.com/fantasy/football/story/_/id/49585178/2026-fantasy-football-rankings-tight-end-tiers-te,https://a.espncdn.com/photo/2025/1214/r1589299_608x342_16-9.jpg
2026-09-07T04:40:33.940142+00:00,2026-09-06T21:22:14Z,Fantasy football rankings: Eric Karabell's wide receiver tiers for 2026,"Eric Karabell puts his wide receiver rankings into tiers, helping you identify where value drops off throughout the draft.",https://www.espn.com/fantasy/football/story/_/id/49649506/fantasy-football-rankings-wide-receivers-tiers-draft,https://a.espncdn.com/photo/2026/0818/r1703453_1296x729_16-9.jpg
2026-09-07T04:40:33.940142+00:00,2026-09-06T21:21:39Z,Fantasy football rankings: Eric Karabell's running back tiers for 2026,"Eric Karabell breaks his running backs into tiers, helping you identify where value drops off throughout the draft.",https://www.espn.com/fantasy/football/story/_/id/49614875/2026-fantasy-football-rankings-running-back-tiers-rb,https://a.espncdn.com/photo/2026/0818/r1703445_608x342_16-9.jpg
2026-09-07T04:40:33.940142+00:00,2026-09-06T21:14:45Z,McDaniels: Rematch with Seahawks will be different for Pats,"Josh McDaniels didn't mince words when asked what he learned from how the Seahawks terrorized quarterback Drake Maye in Super Bowl LX in February. ""I didn't do a good enough job. Point it at me,"" he said.",https://www.espn.com/nfl/story/_/id/49852513/mcdaniels-rematch-seahawks-different-pats,https://a.espncdn.com/photo/2025/0906/r1541777_600x600_1-1.jpg
2026-09-07T04:40:33.940142+00:00,2026-09-06T23:11:39Z,"Giants reach 2-year extensions with Jameis Winston, Jon Runyan","The Giants and backup quarterback Jameis Winston have agreed to a two-year, $13 million contract extension, a source confirmed to ESPN amid multiple reports.",https://www.espn.com/nfl/story/_/id/49852419/source-giants-qb-jameis-winston-reach-2-year-13m-extension,https://a.espncdn.com/photo/2026/0906/r1712467_1296x729_16-9.jpg
2026-09-07T04:40:33.940142+00:00,2026-09-06T20:55:25Z,Could George Kittle return in Week 1 for the 49ers?,Nick Wagoner breaks down the approach the 49ers are taking in preparation for George Kittle's return from injury.,https://www.espn.com/video/clip/_/id/49852368/could-george-kittle-return-week-1-49ers,https://espnmedia-cdn.akamaized.net/espn/media/common/2026/0906/dm_260906_49ers_Kittle_IA/dm_260906_49ers_Kittle_IA.jpg
2026-09-07T12:31:37.666238+00:00,2026-09-07T07:55:08Z,"NFL's success in Africa has changed scouting process, says Osi Umenyiora","Former NFL star and current coach Osi Umenyiora told ESPN that while in the past, he and his networks had to scout relentlessly for talent in Africa, the success of its recent homegrown stars has led prospects to approach scouts directly.",https://www.espn.com/espn/story/_/id/49857261/nfl-success-africa-changed-scouting-process-says-osi-umenyiora,https://a.espncdn.com/photo/2026/0907/r1712684_1296x729_16-9.jpg
2026-09-07T12:31:37.666238+00:00,2026-09-07T05:32:50Z,"49ers happy to be in Australia, call it 'a cool experience'","Having been here since early Friday morning, Kyle Shanahan's concerns about taking part in the NFL's first regular-season game in Australia have dissipated.",https://www.espn.com/nfl/story/_/id/49856252/49ers-happy-australia-call-cool-experience,https://a.espncdn.com/photo/2026/0907/r1712668_600x600_1-1.jpg
2026-09-07T21:30:51.693139+00:00,2026-09-07T17:32:41Z,Bears' Super Bowl champion fullback Matt Suhey dies at 68,"Matt Suhey, a fullback who helped Walter Payton and the Chicago Bears win the 1985 NFL championship, has died. He was 68.",https://www.espn.com/nfl/story/_/id/49860580/bears-super-bowl-champion-fullback-matt-suhey-dies-68,https://a.espncdn.com/photo/2026/0907/r1712834_600x400_3-2.jpg
2026-09-07T21:30:51.693139+00:00,2026-09-07T15:51:41Z,Early bets for NFL Week 1: The plays we targeted once odds came out,What lines offered immediate value once odds came out? Here are four early bets to track.,https://www.espn.com/espn/betting/story/_/id/49466417/nfl-week-1-betting-odds-props-early-picks-predictions-first-bet,https://a.espncdn.com/photo/2026/0907/r1712808_608x342_16-9.jpg
2026-09-07T21:30:51.693139+00:00,2026-09-07T17:53:19Z,Falcons name Tua Tagovailoa Week 1 starting QB vs. Steelers,Tua Tagovailoa will be the starting quarterback for the Falcons against the Steelers in Week 1.,https://www.espn.com/nfl/story/_/id/49858957/falcons-name-tua-tagovailoa-week-1-starting-qb-vs-steelers,https://a.espncdn.com/photo/2026/0815/r1702088_1296x729_16-9.jpg
2026-09-07T21:30:51.693139+00:00,2026-09-07T10:35:00Z,"2026 NFL season sim: Predictions, surprises, playoff teams","We played out one of the Football Power Index's 10,000 season simulations (No. 9,187), from Week 1 through Super Bowl LXI.",https://www.espn.com/nfl/story/_/id/49795320/2026-nfl-season-simulation-fpi-predictions-playoffs-super-bowl-champion,https://a.espncdn.com/photo/2026/0904/nfl_2026-simulation_16x9_608x342.jpg
2026-09-07T21:30:51.693139+00:00,2026-09-07T12:58:26Z,C.J. Stroud confident ahead of the biggest season of his life,"After a rocky end in the playoffs last season, it appears Stroud will play Year 4 without a new contract.",https://www.espn.com/nfl/story/_/id/49826332/houston-texans-cj-stroud-confident-contract-year-4,https://a.espncdn.com/photo/2026/0903/nfl_stroud_16x9.jpg
2026-09-07T21:30:51.693139+00:00,2026-09-07T15:43:21Z,Life after football: Joshua Kelley's path to filmmaking after the NFL,We caught up with former Chargers player Joshua Kelley about life and filmaking after his NFL career.,https://www.espn.com/nfl/story/_/id/49816710/los-angeles-chargers-titans-giants-joshua-kelley-football-players-turned-movie-director,https://a.espncdn.com/photo/2026/0903/r1710994_608x342_16-9.jpg
2026-09-07T21:30:51.693139+00:00,2026-09-07T09:05:25Z,"NFL's success in Africa has changed scouting process, says Osi Umenyiora","Former NFL star and current coach Osi Umenyiora told ESPN that while in the past, he and his networks had to scout relentlessly for talent in Africa, the success of its recent homegrown stars has led prospects to approach scouts directly.",https://www.espn.com/espn/story/_/id/49857261/nfl-success-africa-changed-scouting-process-says-osi-umenyiora,https://a.espncdn.com/photo/2026/0907/r1712684_1296x729_16-9.jpg
2026-09-07T21:30:51.693139+00:00,2026-09-07T15:08:46Z,"49ers happy to be in Australia, call it 'a cool experience'","Having been here since early Friday morning, Kyle Shanahan's concerns about taking part in the NFL's first regular-season game in Australia have dissipated.",https://www.espn.com/nfl/story/_/id/49856252/49ers-happy-australia-call-cool-experience,https://a.espncdn.com/photo/2026/0907/r1712668_600x600_1-1.jpg
2026-09-07T21:30:51.693139+00:00,2026-09-07T16:48:15Z,"Giants reach 2-year extensions with Jameis Winston, Jon Runyan","The Giants and backup quarterback Jameis Winston have agreed to a two-year, $13 million contract extension, a source confirmed to ESPN amid multiple reports.",https://www.espn.com/nfl/story/_/id/49852419/source-giants-qb-jameis-winston-reach-2-year-13m-extension,https://a.espncdn.com/photo/2026/0906/r1712467_1296x729_16-9.jpg
2026-09-08T04:34:56.172958+00:00,2026-09-08T03:06:17Z,Aaron Donald pleased with progress as Rams' opener nears,"After two seasons out of football, defensive lineman Aaron Donald, 35, has been pleasantly surprised by how his body has reacted since rejoining the Los Angeles Rams last month, telling reporters on Monday that he is ""feeling good. Feeling really good.""",https://www.espn.com/nfl/story/_/id/49864788/aaron-donald-pleased-progress-rams-opener-nears,https://a.espncdn.com/photo/2026/0908/r1713071_600x600_1-1.jpg
2026-09-08T04:34:56.172958+00:00,2026-09-07T22:25:09Z,Titans' Cedric Gray in concussion protocol after UTV accident,Titans placed LB Cedric Gray under the NFL's concussion protocol after he was involved in a UTV accident in Tennessee over the weekend.,https://www.espn.com/nfl/story/_/id/49862818/titans-cedric-gray-concussion-protocol-utv-accident,https://a.espncdn.com/photo/2026/0907/r1712982_600x400_3-2.jpg
2026-09-08T04:34:56.172958+00:00,2026-09-07T21:57:05Z,Cards' Mike LaFleur optimistic Jeremiyah Love plays in Week 1,"Cardinals coach Mike LaFleur is optimistic that rookie running back Jeremiyah Love will be able to play Sunday at the Chargers, about four weeks after suffering a high ankle sprain in a preseason game.",https://www.espn.com/nfl/story/_/id/49862561/cardinals-optimistic-rookie-rb-love-ready-opener,https://a.espncdn.com/photo/2026/0817/r1702917_600x400_3-2.jpg
2026-09-08T04:34:56.172958+00:00,2026-09-08T02:08:11Z,"Giants release WR Darius Slayton, team's longest-tenured player","The Giants have released wide receiver Darius Slayton, moving on from their longest-tenured player.",https://www.espn.com/nfl/story/_/id/49862543/giants-release-wr-darius-slayton-team-longest-tenured-player,https://a.espncdn.com/photo/2026/0907/r1712970_1296x729_16-9.jpg
2026-09-08T04:34:56.172958+00:00,2026-09-07T20:38:11Z,Colts WR Alec Pierce (ankle) expected to play in Week 1,"Colts wide receiver Alec Pierce ""should be good to go"" for the team's season opener against the Ravens after having offseason ankle surgery, coach Shane Steichen said.",https://www.espn.com/nfl/story/_/id/49862004/colts-wr-alec-pierce-ankle-expected-play-week-1,https://a.espncdn.com/photo/2026/0217/r1616149_1296x729_16-9.jpg
2026-09-08T04:34:56.172958+00:00,2026-09-07T20:17:05Z,"Cowboys guard Tyler Smith to have thumb surgery, headed for IR","Cowboys starting left guard Tyler Smith will undergo thumb surgery and is headed to injured reserve, coach Brian Schottenheimer said Monday.",https://www.espn.com/nfl/story/_/id/49861767/cowboys-guard-tyler-smith-thumb-surgery-headed-ir,https://a.espncdn.com/photo/2026/0907/r1712921_1296x729_16-9.jpg
2026-09-08T04:34:56.172958+00:00,2026-09-07T18:42:23Z,"Browns may have package of plays for rookie QB Green, Monken says",Browns coach Todd Monken said Monday that rookie quarterback Taylen Green could have a package of plays on game day to utilize his athleticism.,https://www.espn.com/nfl/story/_/id/49860952/browns-package-plays-rookie-qb-green-monken-says,https://a.espncdn.com/photo/2026/0907/r1712859_1296x729_16-9.jpg
2026-09-08T04:34:56.172958+00:00,2026-09-07T20:31:11Z,Bears' Super Bowl champion fullback Matt Suhey dies at 68,"Matt Suhey, a fullback who helped Walter Payton and the Chicago Bears win the 1985 NFL championship, has died. He was 68.",https://www.espn.com/nfl/story/_/id/49860580/bears-super-bowl-champion-fullback-matt-suhey-dies-68,https://a.espncdn.com/photo/2026/0907/r1712834_600x400_3-2.jpg
2026-09-08T11:19:21.173074+00:00,2026-09-08T10:00:02Z,"Panthers banking on RBs Hubbard, Brooks despite injury histories","Carolina wants to run the ball more, but how will each back -- including AJ Dillon -- handle the workload?",https://www.espn.com/nfl/story/_/id/49860263/carolina-panthers-banking-running-backs-chuba-hubbard-jonathon-brooks-injury-histories,https://a.espncdn.com/photo/2026/0907/r1712828_608x342_16-9.jpg
2026-09-08T11:19:21.173074+00:00,2026-09-08T10:00:11Z,Can Patriots QB Drake Maye repeat MVP-caliber season in 2026?,"The New England quarterback is letting the Super Bowl loss motivate him in 2026, starting with the rematch at Seahawks on Wednesday.",https://www.espn.com/nfl/story/_/id/49860900/new-england-patriots-qb-drake-maye-2026-nfl-season-aj-brown,https://a.espncdn.com/photo/2026/0907/r1712924_608x342_16-9.jpg
2026-09-08T11:19:21.173074+00:00,2026-09-08T10:11:33Z,"NFL execs predict 2026 award winners: MVP, top rookies, more",Who will win MVP? Who will take Offensive and Defensive Rookie of the Year? Who is primed for a breakout? We asked execs and scouts for their picks.,https://www.espn.com/nfl/story/_/id/49859670/2026-nfl-season-executives-award-winners-mvp-rookies-honors-breakouts,https://a.espncdn.com/photo/2026/0904/r1711551_1296x729_16-9.jpg
2026-09-08T11:19:21.173074+00:00,2026-09-08T04:10:19Z,Could George Kittle return in Week 1 for the 49ers?,Nick Wagoner breaks down the approach the 49ers are taking in preparation for George Kittle's return from injury.,https://www.espn.com/video/clip/_/id/49852368/could-george-kittle-return-week-1-49ers,https://espnmedia-cdn.akamaized.net/espn/media/common/2026/0906/dm_260906_49ers_Kittle_IA/dm_260906_49ers_Kittle_IA.jpg
2026-09-08T16:37:48.437094+00:00,2026-09-08T13:04:57Z,"Peyton, Eli Manning take 'ManningCast' to new heights in 'ManningCast: Heist'","""ManningCast"" is back with a new season on Monday Night Football -- and the Manning brothers with a new look.",https://www.espn.com/nfl/story/_/id/49843209/peyton-eli-manning-manningcast-heist-2026,https://a.espncdn.com/photo/2026/0907/r1712794_1296x729_16-9.jpg
2026-09-08T16:37:48.437094+00:00,2026-09-08T12:53:33Z,How Christian Gonzalez became the NFL’s highest-paid cornerback,How Christian Gonzalez became the NFL’s highest-paid cornerback,https://www.espn.com/video/clip/_/id/49868230/how-christian-gonzalez-became-nfls-highest-paid-cornerback,https://espnmedia-cdn.akamaized.net/espn/media/common/2026/0908/ss_20260908_083720563_3652384/ss_20260908_083720563_3652384.jpg
2026-09-08T16:37:48.437094+00:00,2026-09-08T12:24:34Z,"Panthers banking on RBs Hubbard, Brooks despite injury histories","Carolina wants to run the ball more, but how will each back -- including AJ Dillon -- handle the workload?",https://www.espn.com/nfl/story/_/id/49860263/carolina-panthers-banking-running-backs-chuba-hubbard-jonathon-brooks-injury-histories,https://a.espncdn.com/photo/2026/0907/r1712828_608x342_16-9.jpg
2026-09-08T16:37:48.437094+00:00,2026-09-08T16:33:47Z,Can Patriots QB Drake Maye repeat MVP-caliber season in 2026?,"The New England quarterback is letting the Super Bowl loss motivate him in 2026, starting with the rematch at Seahawks on Wednesday.",https://www.espn.com/nfl/story/_/id/49860900/new-england-patriots-qb-drake-maye-2026-nfl-season-aj-brown,https://a.espncdn.com/photo/2026/0907/r1712924_608x342_16-9.jpg
2026-09-08T16:37:48.437094+00:00,2026-09-08T14:56:14Z,"NFL execs predict 2026 award winners: MVP, top rookies, more",Who will win MVP? Who will take offensive and defensive rookie of the year? Who is primed for a breakout? We asked execs and scouts for their picks.,https://www.espn.com/nfl/story/_/id/49859670/2026-nfl-season-executives-award-winners-mvp-rookies-honors-breakouts,https://a.espncdn.com/photo/2026/0904/r1711551_1296x729_16-9.jpg
2026-09-08T16:37:48.437094+00:00,2026-09-08T12:56:35Z,"Cowboys guard Tyler Smith to have thumb surgery, headed for IR","Cowboys starting left guard Tyler Smith will undergo thumb surgery and is headed to injured reserve, coach Brian Schottenheimer said Monday.",https://www.espn.com/nfl/story/_/id/49861767/cowboys-guard-tyler-smith-thumb-surgery-headed-ir,https://a.espncdn.com/photo/2026/0907/r1712921_1296x729_16-9.jpg
2026-09-09T04:41:27.834355+00:00,2026-09-09T02:21:54Z,Fantasy football Knockout league rankings: The 252 players to draft,"Rankings for knockout leagues, where the lowest-scoring team is eliminated and the last team standing wins.",https://www.espn.com/fantasy/football/story/_/id/49309401/fantasy-football-knockout-rankings-top-200,https://a.espncdn.com/photo/2026/0708/r1686582_1296x729_16-9.jpg
2026-09-09T04:41:27.834355+00:00,2026-09-09T00:00:39Z,Buccaneers extend Baker Mayfield: Key intel and a grade,"Why did Mayfield change his mind about a negotiating deadline, and what does it mean for other QBs?",https://www.espn.com/nfl/story/_/id/49872406/key-intel-grade,https://a.espncdn.com/photo/2026/0908/r1713424_1296x729_16-9.jpg
2026-09-09T04:41:27.834355+00:00,2026-09-08T22:56:37Z,"Travis Hunter, wife give gifts to nurses who helped with birth of their child",The nurses who helped care for the couple's son's while he was in the Wolfson Children's Hospital neonatal ICU left a lasting impression.,https://www.espn.com/nfl/story/_/id/49872219/travis-hunter-gifts-lunch-scrubs-nurse,https://a.espncdn.com/photo/2026/0803/r1697286_608x342_16-9.jpg
2026-09-09T04:41:27.834355+00:00,2026-09-09T01:41:39Z,Joe Burrow in it for 'long haul' with Cincinnati Bengals,"As the season opener nears, Cincinnati veteran quarterback Joe Burrow, 29, affirmed his desire to remain with the Bengals, telling the team's website that he's ""here for the long haul"" and ready to ""attack the day with a championship mindset.""",https://www.espn.com/nfl/story/_/id/49872935/joe-burrow-long-haul-cincinnati-bengals,https://a.espncdn.com/photo/2026/0908/r1713453_600x600_1-1.jpg
2026-09-09T04:41:27.834355+00:00,2026-09-08T22:02:17Z,Why Bucs' Mayfield has 'extra motivation' heading into season,The self-imposed deadline has passed for Tampa Bay's quarterback as he now turns his attention to the season.,https://www.espn.com/nfl/story/_/id/49815432/tampa-bay-buccaneers-qb-baker-mayfield-motivated-contract-dispute,https://a.espncdn.com/photo/2026/0903/r1711020_608x342_16-9.jpg
2026-09-09T04:41:27.834355+00:00,2026-09-08T21:21:05Z,Highest-paid NFL players: Most guaranteed money at every position,We have seen a fair share of massive contracts in the NFL. So who tops the highest-paid list at every position as of today?,https://www.espn.com/nfl/story/_/id/34096853/highest-paid-nfl-players-tracking-most-money-guaranteed-per-year-every-position,https://a.espncdn.com/photo/2026/0623/r1678205_608x342_16-9.jpg
2026-09-09T04:41:27.834355+00:00,2026-09-08T21:32:02Z,Vince Young on what No. 4 Texas needs to beat No. 1 Ohio State,"Texas legend and national championship-winning QB Young discusses Arch Manning's growth, Steve Sarkisian's leadership and the keys to beating Ohio State.",https://www.espn.com/video/clip/_/id/49872395/vince-young-no-4-texas-needs-beat-no-1-ohio-state,https://espnmedia-cdn.akamaized.net/espn/media/common/2026/0908/dm_260908_SEC_NCF_Interview_Vince_Young_on_PFS_270908/dm_260908_SEC_NCF_Interview_Vince_Young_on_PFS_270908.jpg
2026-09-09T04:41:27.834355+00:00,2026-09-09T02:39:47Z,"Bucs, Baker Mayfield agree to 3-year extension, sources say","The Buccaneers and quarterback Baker Mayfield have agreed to a three-year, $165 million extension, sources told ESPN's Adam Schefter and NFL Network's Ian Rapoport.",https://www.espn.com/nfl/story/_/id/49872379/bucs-baker-mayfield-agree-3-year-extension-sources-say,https://a.espncdn.com/photo/2025/0904/r1540818_1296x729_16-9.jpg
2026-09-09T04:41:27.834355+00:00,2026-09-08T21:47:05Z,"Patriots' Henderson, Seahawks' Okada ruled out for SB rematch","Patriots running back TreVeyon Henderson won't play in the regular-season opener against the Seahawks, while the defending Super Bowl champions might have to begin their title defense without two of their top three safeties.",https://www.espn.com/nfl/story/_/id/49872328/patriots-henderson-seahawks-okada-ruled-sb-rematch,https://a.espncdn.com/photo/2026/0908/r1713415_1296x729_16-9.jpg
2026-09-09T04:41:27.834355+00:00,2026-09-08T22:14:38Z,Rams' Donald won't travel to Australia; Garrett 'ready to go',"Rams standout defensive tackle Aaron Donald will not travel to Australia for Thursday night's opener against the San Francisco 49ers and will be inactive, coach Sean McVay announced Tuesday.",https://www.espn.com/nfl/story/_/id/49871629/rams-aaron-donald-travel-australia-week-1,https://a.espncdn.com/photo/2026/0907/r1712630_1296x729_16-9.jpg
2026-09-09T04:41:27.834355+00:00,2026-09-08T21:50:31Z,Bears' Braxton Jones to start at left tackle in season opener,The Bears will be starting Braxton Jones at left tackle for their season opener Sunday after the veteran won the training camp position battle.,https://www.espn.com/nfl/story/_/id/49871513/bears-braxton-jones-start-left-tackle-season-opener,https://a.espncdn.com/photo/2026/0122/r1604179_600x400_3-2.jpg
2026-09-09T04:41:27.834355+00:00,2026-09-08T18:55:07Z,Ravens QB Jackson: Success this season means 'us winning it all',"Ravens quarterback Lamar Jackson said Tuesday that ""winning it all"" would constitute a successful season in his eyes.",https://www.espn.com/nfl/story/_/id/49870905/lamar-jackson-ravens-winning-all-successful-year,https://a.espncdn.com/photo/2026/0812/r1700789_600x400_3-2.jpg
2026-09-09T04:41:27.834355+00:00,2026-09-08T17:31:47Z,The Seahawks open their title defense with a rare Week 1 Super Bowl rematch vs the Patriots,"The Seattle Seahawks have gotten an offseason full of congratulations, their Super Bowl rings and...",http://www.espn.com/nfl/preview?gameId=401872656,https://s.espncdn.com/stitcher/sports/football/nfl/events/401872656.png?templateId=espn.applewatch.awayhome.1
2026-09-09T11:22:27.893553+00:00,2026-09-09T03:52:08Z,"49ers' Alfred Collins (knee) injured in practice, out for season","49ers starting defensive tackle Alfred Collins suffered a torn patellar tendon in the team's Tuesday practice in Australia, an injury that will keep him out for the 2026 season.",https://www.espn.com/nfl/story/_/id/49875661/49ers-alfred-collins-knee-injured-practice-season,https://a.espncdn.com/photo/2026/0909/r1713603_600x400_3-2.jpg
2026-09-09T11:22:27.893553+00:00,2026-09-09T03:12:00Z,"Bucs, Baker Mayfield agree to 3-year extension, sources say","The Buccaneers and quarterback Baker Mayfield agreed to a three-year, $165 million extension, sources told ESPN's Adam Schefter and NFL Network's Ian Rapoport.",https://www.espn.com/nfl/story/_/id/49872379/bucs-baker-mayfield-agree-3-year-extension-sources-say,https://a.espncdn.com/photo/2025/0904/r1540818_1296x729_16-9.jpg
2026-09-09T11:22:27.893553+00:00,2026-09-09T03:13:23Z,Rams' Donald won't travel to Australia; Garrett 'ready to go',"Rams standout defensive tackle Aaron Donald will not travel to Australia for Thursday night's opener against the San Francisco 49ers and will be inactive, coach Sean McVay announced Tuesday.",https://www.espn.com/nfl/story/_/id/49871629/rams-aaron-donald-travel-australia-week-1,https://a.espncdn.com/photo/2026/0907/r1712630_1296x729_16-9.jpg
2026-09-09T16:37:58.561902+00:00,2026-09-09T14:16:06Z,Fantasy football buzz: Patriots' Stevenson in RB2 range with Henderson out,"TreVeyon Henderson won't suit up for the Patriots on Wednesday, leaving most of the backfield work for Rhamondre Stevenson.",https://www.espn.com/fantasy/football/story/_/id/40699880/fantasy-football-injuries-position-battles-nfl-news-analysis,https://a.espncdn.com/photo/2026/0909/r1713741_608x342_16-9.jpg
2026-09-09T16:37:58.561902+00:00,2026-09-09T13:06:21Z,"Weighing on the pros and cons of 49ers', Rams' Melbourne travel",Two NFL franchises will travel the globe for a Week 1 matchup. What are the positives and negatives about each team's travel?,https://www.espn.com/nfl/story/_/id/49873714/san-francisco-49ers-los-angeles-rams-melbourne-australia-travel-week-1-pros-cons,https://a.espncdn.com/photo/2026/0908/r1713498_608x342_16-9.jpg
2026-09-09T16:37:58.561902+00:00,2026-09-09T10:00:11Z,Are the Super Bowl Champion Seahawks built to repeat in 2026?,The Seahawks are not the favorites to win the Super Bowl or their division. What hurdles will they have in 2026?,https://www.espn.com/nfl/story/_/id/49871642/can-seattle-seahawks-repeat-super-bowl-champions-nfl-2026-season,https://a.espncdn.com/photo/2026/0908/seahawks_built_to_repeat_608x342.png
2026-09-09T16:37:58.561902+00:00,2026-09-09T10:00:11Z,"What are NFL rules changes in 2026? Red flags, kickoffs",Here is everything fans need to know about NFL rules and points of emphasis for the 2025 season.,https://www.espn.com/nfl/story/_/id/49868175/nfl-rules-changes-2026-red-challenge-flags-kickoffs-penalties-hip-drop,https://a.espncdn.com/photo/2026/0908/r1713223_608x342_16-9.jpg
2026-09-09T16:37:58.561902+00:00,2026-09-09T10:00:02Z,Expectations for Packers' MarShawn Lloyd with Josh Jacobs out,"Lloyd is finally healthy and Josh Jacobs is on the commissioner exempt list, but how much of a workload can Lloyd handle in Week 1?",https://www.espn.com/nfl/story/_/id/49869653/nfl-green-bay-packers-marshawn-lloyd-josh-jacobs-commissioner-exempt,https://a.espncdn.com/photo/2026/0908/r1713262_608x342_16-9.jpg
2026-09-09T16:37:58.561902+00:00,2026-09-09T06:24:55Z,Goodell: 'We're already in a hurry [to come back to Australia],"NFL Commissioner Roger Goodell discusses the 'historic' NFL Melbourne Game, saying the league is already looking to play more games in Australia.",https://www.espn.com/video/clip/_/id/49876761/already-hurry-to-come-back-australia,https://espnmedia-cdn.akamaized.net/espn/media/common/2026/0909/dm_260909_NFL_Interview_Goodell_Were_already_in_a_hurry_to_come_back_to_Australia_20260909_GLOBAL/dm_260909_NFL_Interview_Goodell_Were_already_in_a_hurry_to_come_back_to_Australia_20260909_GLOBAL.jpg
2026-09-09T16:37:58.561902+00:00,2026-09-09T10:08:37Z,"49ers' Alfred Collins (knee) injured in practice, out for season","49ers starting defensive tackle Alfred Collins suffered a torn patellar tendon in the team's Tuesday practice in Australia, an injury that will keep him out for the 2026 season.",https://www.espn.com/nfl/story/_/id/49875661/49ers-alfred-collins-knee-injured-practice-season,https://a.espncdn.com/photo/2026/0909/r1713603_600x400_3-2.jpg
2026-09-09T16:37:58.561902+00:00,2026-09-09T10:40:45Z,Joe Burrow in it for 'long haul' with Cincinnati Bengals,"As the season opener nears, Cincinnati veteran quarterback Joe Burrow, 29, affirmed his desire to remain with the Bengals, telling the team's website that he's ""here for the long haul"" and ready to ""attack the day with a championship mindset.""",https://www.espn.com/nfl/story/_/id/49872935/joe-burrow-long-haul-cincinnati-bengals,https://a.espncdn.com/photo/2026/0908/r1713453_600x600_1-1.jpg
2026-09-09T16:37:58.561902+00:00,2026-09-09T13:36:45Z,"Bucs, Baker Mayfield agree to 3-year extension, sources say","The Buccaneers and quarterback Baker Mayfield agreed to a three-year, $165 million extension, sources told ESPN's Adam Schefter and NFL Network's Ian Rapoport.",https://www.espn.com/nfl/story/_/id/49872379/bucs-baker-mayfield-agree-3-year-extension-sources-say,https://a.espncdn.com/photo/2025/0904/r1540818_1296x729_16-9.jpg
2026-09-09T16:37:58.561902+00:00,2026-09-09T10:40:28Z,"Patriots' Henderson, Seahawks' Okada ruled out for SB rematch","Patriots running back TreVeyon Henderson won't play in the regular-season opener against the Seahawks, while the defending Super Bowl champions might have to begin their title defense without two of their top three safeties.",https://www.espn.com/nfl/story/_/id/49872328/patriots-henderson-seahawks-okada-ruled-sb-rematch,https://a.espncdn.com/photo/2026/0908/r1713415_1296x729_16-9.jpg
2026-09-09T20:55:37.379716+00:00,2026-09-09T20:52:41Z,Raiders' Jeanty returns to practice after two-week absence,"Raiders running back Ashton Jeanty returned to practice on Wednesday, providing optimism about his availability for Sunday's opener against the Dolphins.",https://www.espn.com/nfl/story/_/id/49884394/raiders-jeanty-returns-practice-two-week-absence,https://a.espncdn.com/photo/2026/0824/r1706102_600x400_3-2.jpg
2026-09-09T20:55:37.379716+00:00,2026-09-09T20:46:09Z,Jonathan Greenard back at practice as Eagles prepare for Week 1,Eagles edge rusher Jonathan Greenard suited up for practice Wednesday as his new team began preparations for their season opener against the Commanders.,https://www.espn.com/nfl/story/_/id/49884214/jonathan-greenard-back-practice-eagles-prepare-week-1,https://a.espncdn.com/photo/2026/0909/r1713979_600x400_3-2.jpg
2026-09-09T20:55:37.379716+00:00,2026-09-09T20:46:17Z,Sources: Brock Bowers (knee) to miss at least Raiders' opener,"Raiders star tight end Brock Bowers underwent a meniscus trim Tuesday in Dallas and is expected to miss ""a game or two,"" league sources told ESPN's Adam Schefter and NFL Network's Ian Rapoport.",https://www.espn.com/nfl/story/_/id/49884014/sources-brock-bowers-knee-miss-least-raiders-opener,https://a.espncdn.com/photo/2026/0611/r1671305_600x600_1-1.jpg
2026-09-09T20:55:37.379716+00:00,2026-09-09T20:28:10Z,Bills to include Canadian national anthem at home opener vs. Lions,The Buffalo Bills will honor their Canadian fans by having Toronto's Barenaked Ladies perform the country's national anthem at their home opener on Sept. 17.,https://www.espn.com/nfl/story/_/id/49883729/bills-include-canadian-national-anthem-home-opener-vs-lions,https://a.espncdn.com/photo/2026/0909/r1713964_600x400_3-2.jpg
2026-09-09T20:55:37.379716+00:00,2026-09-09T20:33:47Z,Panthers owner David Tepper a 'believer' in QB Bryce Young,"Carolina Panthers owner David Tepper said Wednesday that he is a ""believer"" in starting quarterback Bryce Young.",https://www.espn.com/nfl/story/_/id/49883386/panthers-owner-david-tepper-believer-qb-bryce-young,https://a.espncdn.com/photo/2026/0110/r1598954_600x400_3-2.jpg
2026-09-09T20:55:37.379716+00:00,2026-09-09T16:23:37Z,Super Bowl LXI odds: All 32 teams' odds to win the championship,"Every NFL team's win total, as well as odds to win their division, the conference and Super Bowl LXI.",https://www.espn.com/espn/betting/story/_/id/47809892/2026-super-bowl-lxi-odds-nfl-sports-betting-season-win-totals-playoffs,https://a.espncdn.com/photo/2026/0202/r1609489_608x342_16-9.jpg
2026-09-09T20:55:37.379716+00:00,2026-09-09T15:34:04Z,Why Clay feels ‘pretty good’ about Rashee Rice in fantasy this season,Why Clay feels ‘pretty good’ about Rashee Rice in fantasy this season,https://www.espn.com/video/clip/_/id/49880771/why-clay-feels-pretty-good-rashee-rice-fantasy-season,https://espnmedia-cdn.akamaized.net/espn/media/common/2026/0909/ss_20260909_112225321_3653421689/ss_20260909_112225321_3653421689.jpg
2026-09-09T20:55:37.379716+00:00,2026-09-09T16:23:15Z,Are the Super Bowl champion Seahawks built to repeat in 2026?,The defending champs are not the favorites to win the Super Bowl or even their division. What hurdles will the Seahawks have in 2026?,https://www.espn.com/nfl/story/_/id/49871642/can-seattle-seahawks-repeat-super-bowl-champions-nfl-2026-season,https://a.espncdn.com/photo/2026/0908/seahawks_built_to_repeat_608x342.png
2026-09-10T04:41:58.021330+00:00,2026-09-09T22:11:05Z,Schefter provides update on Brock Bowers' injury,Schefter provides update on Brock Bowers' injury,https://www.espn.com/video/clip/_/id/49885107/schefter-provides-update-brock-bowers-injury,https://espnmedia-cdn.akamaized.net/espn/media/common/2026/0909/dm_260909_nfl_schefter_on_bowers/dm_260909_nfl_schefter_on_bowers.jpg
2026-09-10T04:41:58.021330+00:00,2026-09-09T21:58:11Z,Saints DE Jordan (hamstring) to miss opener vs. Lions,Saints defensive end Cameron Jordan will not play against the Lions on Sunday due to a hamstring injury.,https://www.espn.com/nfl/story/_/id/49885064/saints-de-cameron-jordan-hamstring-miss-opener-vs-lions,https://a.espncdn.com/photo/2026/0811/r1700350_600x400_3-2.jpg
2026-09-10T04:41:58.021330+00:00,2026-09-09T22:13:45Z,Fantasy buzz: Brock Bowers injury puts Michael Mayer on the fantasy radar,"The Raiders will now turn to Michael Mayer, a second-round pick in 2023, as Brock Bowers will miss the start of the 2026 season.",https://www.espn.com/fantasy/football/story/_/id/40699880/fantasy-football-injuries-position-battles-nfl-news-analysis,https://a.espncdn.com/photo/2026/0909/r1714007_1296x729_16-9.jpg
2026-09-10T04:41:58.021330+00:00,2026-09-09T21:35:11Z,"Giants' Nabers fully participates in practice but status still TBD, says Harbaugh",Star wide receiver Malik Nabers was a full participant in Wednesday's practice as the New York Giants continued preparations for their season opener on Sunday night against the Dallas Cowboys at MetLife Stadium.,https://www.espn.com/nfl/story/_/id/49884638/giants-nabers-fully-participates-practice-status-tbd-says-harbaugh,https://a.espncdn.com/photo/2026/0729/r1695287_600x400_3-2.jpg
2026-09-10T04:41:58.021330+00:00,2026-09-09T22:30:35Z,"2026 NFL predictions: Experts pick Super Bowl winner, MVP",We asked our NFL analysts and reporters to make predictions for the 2026 season. Who are their favorites to win the Super Bowl and the MVP award?,https://www.espn.com/nfl/story/_/id/49872143/2026-nfl-season-predictions-expert-picks-super-bowl-mvp-conference-winners,https://a.espncdn.com/photo/2026/0117/r1601665_608x342_16-9.jpg
2026-09-10T04:41:58.021330+00:00,2026-09-09T21:24:01Z,Vampire Diaries: What a niche fantasy football format can teach you about streaming,Vampire Leagues force one player to stream all season. Here's how to do it and how you can apply it to your other leagues.,https://www.espn.com/fantasy/football/story/_/id/49884469/vampire-leagues-strategy-lineups,https://a.espncdn.com/photo/2026/0909/r1713993_1296x729_16-9.jpg
2026-09-10T04:41:58.021330+00:00,2026-09-09T21:39:12Z,Raiders' Jeanty returns to practice after two-week absence,"Raiders running back Ashton Jeanty returned to practice Wednesday, providing optimism about his availability for Sunday's opener against the Dolphins.",https://www.espn.com/nfl/story/_/id/49884394/raiders-jeanty-returns-practice-two-week-absence,https://a.espncdn.com/photo/2026/0824/r1706102_600x400_3-2.jpg
2026-09-10T04:41:58.021330+00:00,2026-09-09T22:30:23Z,Sources: Brock Bowers (knee) to miss at least Raiders' opener,"Raiders star tight end Brock Bowers underwent a meniscus trim Tuesday in Dallas and is expected to miss ""a game or two,"" league sources told ESPN's Adam Schefter and NFL Network's Ian Rapoport.",https://www.espn.com/nfl/story/_/id/49884014/sources-brock-bowers-knee-miss-least-raiders-opener,https://a.espncdn.com/photo/2026/0611/r1671305_600x600_1-1.jpg
2026-09-10T11:18:53.063399+00:00,2026-09-10T10:26:33Z,"NFL Week 1 latest intel, buzz questions, news, fantasy tips",What should we expect from Patrick Mahomes? How will the Raiders handle their QB situation? Which receivers could break out? Our insiders have Week 1 intel.,https://www.espn.com/nfl/story/_/id/49873881/week-1-buzz-fantasy-predictions-graziano-fowler-2026,https://a.espncdn.com/photo/2026/0909/r1713884_608x342_16-9.jpg
2026-09-10T11:18:53.063399+00:00,2026-09-10T09:22:31Z,"Davante Adams: ""Some things are out of our hands""","LA Rams head coach Sean McVay and WR Davante Adams speak to the press ahead of their clash with the San Francisco 49ers, with Adams showing mixed feelings with the late arrival and connecting with fans.",https://www.espn.com/video/clip/_/id/49890032/some-things-our-hands,https://espnmedia-cdn.akamaized.net/espn/media/common/2026/0910/dm_260910_NFL_Presser_Davante_Adams_Some_things_are_out_of_our_hands_20260910_GLOBAL/dm_260910_NFL_Presser_Davante_Adams_Some_things_are_out_of_our_hands_20260910_GLOBAL.jpg
2026-09-10T11:18:53.063399+00:00,2026-09-10T10:38:59Z,"49ers' Kittle, Bosa off injury report, set to play vs. Rams",The 49ers will welcome back two of their biggest stars from significant injuries for their Week 1 matchup against the Rams in Melbourne.,https://www.espn.com/nfl/story/_/id/49889214/49ers-kittle-bosa-injury-report-set-play-vs-rams,https://a.espncdn.com/photo/2025/1215/r1589427_2_600x400_3-2.jpg
2026-09-10T11:18:53.063399+00:00,2026-09-10T05:19:35Z,"Seahawks take Week 1 win over Patriots, lose QB Darnold early","In a Super Bowl LX rematch, the Seahawks kicked off the NFL season with a win but lost QB Sam Darnold to a hip injury.",https://www.espn.com/nfl/story/_/id/49882128/2026-nfl-week-1-new-england-patriots-seattle-seahawks-drake-maye-sam-darnold,https://a.espncdn.com/photo/2026/0910/r1714183_608x342_16-9.jpg
2026-09-10T11:18:53.063399+00:00,2026-09-10T11:04:38Z,Seahawks pick off Drake Maye 3 times to beat Patriots 13-10 in Super Bowl rematch,"— Sam Darnold left the game injured, the offense was stagnant and sloppy mistakes put Seattle in a hole through three quarters.",http://www.espn.com/nfl/recap?gameId=401872656,https://s.espncdn.com/stitcher/sports/football/nfl/events/401872656.png?templateId=espn.applewatch.awayhome.1
2026-09-10T11:18:53.063399+00:00,2026-09-10T04:06:26Z,"Browns QB Watson cited for speeding in August, pleads not guilty",Browns quarterback Deshaun Watson entered a not guilty plea after being cited for allegedly driving 86 mph in a 60 mph zone on Aug. 26.,https://www.espn.com/nfl/story/_/id/49887814/browns-qb-watson-cited-speeding-aug-pleads-not-guilty,https://a.espncdn.com/photo/2026/0824/r1706230_600x400_3-2.jpg
2026-09-10T11:18:53.063399+00:00,2026-09-10T05:20:23Z,A.J. Brown's debut for Patriots ends with ankle injury,Patriots wide receiver A.J. Brown left Wednesday night's 13-10 loss to the Seahawks early in the third quarter with a right ankle injury and did not return.,https://www.espn.com/nfl/story/_/id/49887260/aj-brown-hurts-ankle-leaves-patriots-seahawks-nfl-opener,https://a.espncdn.com/photo/2026/0910/r1714150_600x600_1-1.jpg
2026-09-10T11:18:53.063399+00:00,2026-09-10T07:52:24Z,"Seahawks QB Darnold injures hip vs. Patriots, set for MRI",Seahawks quarterback Sam Darnold was ruled out of the season opener against the Patriots after sustaining a hip injury on the opening drive.,https://www.espn.com/nfl/story/_/id/49886582/seahawks-qb-darnold-injures-hip-opening-drive-vs-patriots,https://a.espncdn.com/photo/2026/0910/r1714128_2_600x400_3-2.jpg
2026-09-10T11:18:53.063399+00:00,2026-09-10T00:23:47Z,Baker Mayfield learned about contract while watching 'Cars',The 31-year-old quarterback was watching a classic Disney film when he agreed to his contract.,https://www.espn.com/nfl/story/_/id/49885155/tampa-bay-buccaneers-how-baker-mayfield-learned-new-contract-cars-movie,https://a.espncdn.com/photo/2026/0909/r1714033_608x342_16-9.jpg
2026-09-10T11:18:53.063399+00:00,2026-09-10T03:35:29Z,Seahawks down two safeties with Emmanwori (ankle) sidelined for opener,"The Seahawks, already without Ty Okada for Wednesday's opener against the Patriots, also ruled out safety Nick Emmanwori, who is working his way back from ankle surgery.",https://www.espn.com/nfl/story/_/id/49885871/seahawks-two-safeties-emmanwori-ankle-ruled-opener,https://a.espncdn.com/photo/2026/0205/r1610775_600x400_3-2.jpg
2026-09-10T11:18:53.063399+00:00,2026-09-09T23:42:08Z,Broncos' Sutton says Nix like caged mountain lion ahead of opener,Broncos quarterback Bo Nix's teammates say they can see just how badly he wants to play in Monday night's regular-season opener against the Chiefs.,https://www.espn.com/nfl/story/_/id/49885505/broncos-sutton-says-nix-caged-mountain-lion-ahead-opener,https://a.espncdn.com/photo/2024/1126/r1420164_600x400_3-2.jpg
2026-09-10T11:18:53.063399+00:00,2026-09-10T10:37:35Z,Sources: Brock Bowers (knee) to miss at least Raiders' opener,"Raiders star tight end Brock Bowers underwent a meniscus trim Tuesday in Dallas and is expected to miss ""a game or two,"" league sources told ESPN's Adam Schefter and NFL Network's Ian Rapoport.",https://www.espn.com/nfl/story/_/id/49884014/sources-brock-bowers-knee-miss-least-raiders-opener,https://a.espncdn.com/photo/2026/0611/r1671305_600x600_1-1.jpg
2026-09-10T20:52:04.824980+00:00,2026-09-10T16:20:52Z,Packers RB Josh Jacobs pleads no contest to misdemeanor charges,"Packers running back Josh Jacobs pleaded no contest to misdemeanor charges of battery and criminal damage to property at a court hearing in Green Bay, Wisconsin on Thursday.",https://www.espn.com/nfl/story/_/id/49893018/packers-rb-josh-jacobs-pleads-no-contest-misdemeanor-charges,https://a.espncdn.com/photo/2026/0910/r1714360_1296x729_16-9.jpg
2026-09-10T20:52:04.824980+00:00,2026-09-10T16:04:45Z,Fantasy football rankings for Week 1: Running back,"Fantasy football rankings from Matt Bowen, Mike Clay, Tristan H. Cockcroft, Daniel Dopp, Eric Karabell, Liz Loza, Eric Moody and Field Yates.",https://www.espn.com/fantasy/football/story/_/page/FFWeeklyPlayerRank26-49804068/nfl-fantasy-football-rankings-2026-rb-running-back,https://a.espncdn.com/photo/2026/0903/r1711047_1296x729_16-9.jpg
2026-09-10T20:52:04.824980+00:00,2026-09-10T16:03:44Z,Fantasy football rankings for Week 1: Quarterback,"Fantasy football rankings from Matt Bowen, Mike Clay, Tristan H. Cockcroft, Daniel Dopp, Eric Karabell, Liz Loza, Eric Moody and Field Yates.",https://www.espn.com/fantasy/football/story/_/page/FFWeeklyPlayerRank26-49804022/nfl-fantasy-football-rankings-2026-qb-quarterback,https://a.espncdn.com/photo/2026/0903/r1711049_1296x729_16-9.jpg
2026-09-10T20:52:04.824980+00:00,2026-09-10T15:27:35Z,Super Bowl LXI odds: All 32 teams' odds to win the championship,"Every NFL team's win total, as well as odds to win their division, the conference and Super Bowl LXI.",https://www.espn.com/espn/betting/story/_/id/47809892/2026-super-bowl-lxi-odds-nfl-sports-betting-season-win-totals-playoffs,https://a.espncdn.com/photo/2026/0202/r1609489_608x342_16-9.jpg
2026-09-10T20:52:04.824980+00:00,2026-09-10T14:53:30Z,"Stephen A.: A.J. Brown injury not a death knell, but not good news for Pats","Stephen A.: A.J. Brown injury not a death knell, but not good news for Pats",https://www.espn.com/video/clip/_/id/49892139/aj-brown-injury-not-death-knell-not-good-news-pats,https://espnmedia-cdn.akamaized.net/espn/media/common/2026/0910/ss_20260910_103446396_3654524650/ss_20260910_103446396_3654524650.jpg
2026-09-10T20:52:04.824980+00:00,2026-09-10T14:45:58Z,Why Daniel Dopp is optimistic about Jadarian Price after Week 1,Why Daniel Dopp is optimistic about Jadarian Price after Week 1,https://www.espn.com/video/clip/_/id/49892057/why-daniel-dopp-optimistic-jadarian-price-week-1,https://espnmedia-cdn.akamaized.net/espn/media/common/2026/0910/ss_20260910_102227180_3654518641/ss_20260910_102227180_3654518641.jpg
2026-09-10T20:52:04.824980+00:00,2026-09-10T14:37:43Z,Why Field Yates isn't too concerned about Brock Bowers missing games,Why Field Yates isn't too concerned about Brock Bowers missing games,https://www.espn.com/video/clip/_/id/49892051/why-field-yates-too-concerned-brock-bowers-missing-games,https://espnmedia-cdn.akamaized.net/espn/media/common/2026/0910/ss_20260910_102057002_3654517632/ss_20260910_102057002_3654517632.jpg
2026-09-10T20:52:04.824980+00:00,2026-09-10T14:37:20Z,"Fantasy buzz: A.J. Brown, Sam Darnold injured in season opener",A.J. Brown will miss time and Sam Darnold also might due to injuries suffered in Wednesday's opener.,https://www.espn.com/fantasy/football/story/_/id/40699880/fantasy-football-injuries-position-battles-nfl-news-analysis,https://a.espncdn.com/photo/2026/0910/r1714276_1296x729_16-9.jpg
2026-09-10T20:52:04.824980+00:00,2026-09-10T14:42:50Z,Why Mike Clay doesn't like Patriots offense without A.J. Brown,Why Mike Clay doesn't like Patriots offense without A.J. Brown,https://www.espn.com/video/clip/_/id/49891993/why-mike-clay-patriots-offense-aj-brown,https://espnmedia-cdn.akamaized.net/espn/media/common/2026/0910/ss_20260910_101500046_3654512621/ss_20260910_101500046_3654512621.jpg
2026-09-10T20:52:04.824980+00:00,2026-09-10T14:45:08Z,"Sources: A.J. Brown believed to have high ankle sprain, set for MRI","Patriots wide receiver A.J. Brown, who left Wednesday night's loss to the Seattle Seahawks because of an injury, is believed to have suffered a high ankle sprain, sources told NFL Network's Ian Rapoport and Mike Garafolo.",https://www.espn.com/nfl/story/_/id/49891924/sources-aj-brown-believed-high-ankle-sprain-set-mri,https://a.espncdn.com/photo/2026/0910/r1714276_1296x729_16-9.jpg
2026-09-10T20:52:04.824980+00:00,2026-09-10T12:58:55Z,Cam Skattebo has potential to receive the 'Jonas blessing',"First, it was Cody Bellinger. Then it was Patrick Mahomes and Lewis Hamilton. Is the New York Giants running back next?",https://www.espn.com/nfl/story/_/id/49886081/jonas-brothers-blessing-cam-skattebo-patrick-mahomes-nfl-melbourne-half,https://a.espncdn.com/photo/2026/0910/r1714081_608x342_16-9.jpg
2026-09-10T20:52:04.824980+00:00,2026-09-10T15:48:03Z,"NFL Week 1 latest intel, buzz questions, news, fantasy tips",What should we expect from Patrick Mahomes? How will the Raiders handle their QB situation? Which receivers could break out? Our insiders have Week 1 intel.,https://www.espn.com/nfl/story/_/id/49873881/week-1-buzz-fantasy-predictions-graziano-fowler-2026,https://a.espncdn.com/photo/2026/0909/r1713884_608x342_16-9.jpg
2026-09-10T20:52:04.824980+00:00,2026-09-10T12:02:49Z,"49ers' Kittle, Bosa off injury report, set to play vs. Rams",The 49ers will welcome back two of their biggest stars from significant injuries for their Week 1 matchup against the Rams in Melbourne.,https://www.espn.com/nfl/story/_/id/49889214/49ers-kittle-bosa-injury-report-set-play-vs-rams,https://a.espncdn.com/photo/2025/1215/r1589427_2_600x400_3-2.jpg
2026-09-10T20:52:04.824980+00:00,2026-09-10T14:19:55Z,"Browns QB Watson cited for speeding in August, pleads not guilty",Browns quarterback Deshaun Watson entered a not guilty plea after being cited for allegedly driving 86 mph in a 60 mph zone on Aug. 26.,https://www.espn.com/nfl/story/_/id/49887814/browns-qb-watson-cited-speeding-aug-pleads-not-guilty,https://a.espncdn.com/photo/2026/0824/r1706230_600x400_3-2.jpg
2026-09-11T04:39:49.767825+00:00,2026-09-10T21:28:30Z,Chargers set to unveil Mike McDaniel’s fast-paced new offense in Week 1 vs. Cardinals,"— After months of anticipation, the Los Angeles Chargers are ready to unleash their new offensive look under",http://www.espn.com/nfl/preview?gameId=401872926,https://s.espncdn.com/stitcher/sports/football/nfl/events/401872926.png?templateId=espn.applewatch.awayhome.1
2026-09-11T04:39:49.767825+00:00,2026-09-10T22:05:28Z,Ex-NFL RB LeShon Johnson sentenced to 5 years for dogfighting,Former NFL running back LeShon Johnson was sentenced to five years in federal prison Thursday for operating a large-scale dogfighting ring in Oklahoma.,https://www.espn.com/nfl/story/_/id/49896260/ex-nfl-rb-leshon-johnson-sentenced-5-years-dog-fighting,https://a.espncdn.com/photo/2025/0327/r1470032_600x400_3-2.jpg
2026-09-11T04:39:49.767825+00:00,2026-09-10T21:01:21Z,Jets' Breece Hall says he's ready to face Titans in opener,"Jets RB Breece Hall, who strained his groin Aug. 17, proclaimed himself ready to face the Titans on Sunday at Nissan Stadium.",https://www.espn.com/nfl/story/_/id/49895714/jets-breece-hall-says-ready-face-titans-opener,https://a.espncdn.com/photo/2026/0815/r1702061_600x600_1-1.jpg
2026-09-11T04:39:49.767825+00:00,2026-09-10T20:37:08Z,Falcons QB Tua Tagovailoa suffers oblique injury in practice,Falcons quarterback Tua Tagovailoa sustained an oblique injury in practice Thursday and was listed as a limited participant.,https://www.espn.com/nfl/story/_/id/49895564/falcons-qb-tua-tagovailoa-suffers-oblique-injury-practice,https://a.espncdn.com/photo/2026/0907/r1712973_1296x729_16-9.jpg
2026-09-11T04:39:49.767825+00:00,2026-09-10T19:58:30Z,Bills QB Josh Allen seeks to end 0-4 skid in Houston as Joe Brady debuts as Buffalo head coach,— Josh Allen and the Buffalo Bills travel to Houston to Sunday to open their season against the Texans with the quarterback looking to finally break through in a place that has never been good to him.,http://www.espn.com/nfl/preview?gameId=401872660,https://s.espncdn.com/stitcher/sports/football/nfl/events/401872660.png?templateId=espn.applewatch.awayhome.1
2026-09-11T04:39:49.767825+00:00,2026-09-10T20:12:18Z,"Raiders' Jeanty (ankle) feels 'really good,' excited for Dolphins","Raiders running back Ashton Jeanty (ankle) said he feels ""really good"" and is ""super excited"" to play in the season opener against the Dolphins on Sunday at Allegiant Stadium.",https://www.espn.com/nfl/story/_/id/49895392/raiders-jeanty-ankle-feels-really-good-excited-dolphins,https://a.espncdn.com/photo/2026/0226/r1620569_600x400_3-2.jpg
2026-09-11T04:39:49.767825+00:00,2026-09-10T20:26:20Z,Chiefs' Mahomes expects to play with no limitations in opener,Patrick Mahomes said he expects to play with no limitations when he returns from torn knee ligaments in the Chiefs' Monday night game against the Broncos.,https://www.espn.com/nfl/story/_/id/49895082/chiefs-mahomes-expects-play-no-limitations-opener,https://a.espncdn.com/photo/2026/0807/r1698843_600x400_3-2.jpg
2026-09-11T04:39:49.767825+00:00,2026-09-10T19:03:33Z,Sources: Seahawks' Sam Darnold expected to miss Week 2,"Sam Darnold has received ""really good news"" regarding his hip injury, coach Mike Macdonald said, but the Seahawks QB is expected to miss next week's game, sources said.",https://www.espn.com/nfl/story/_/id/49893507/sources-seahawks-sam-darnold-expected-miss-week-2,https://a.espncdn.com/photo/2026/0910/r1714128_2_1296x729_16-9.jpg
2026-09-11T04:39:49.767825+00:00,2026-09-10T17:47:01Z,Packers RB Josh Jacobs pleads no contest to misdemeanor charges,"Packers running back Josh Jacobs pleaded no contest to misdemeanor charges of battery and criminal damage to property at a court hearing in Green Bay, Wisconsin, on Thursday.",https://www.espn.com/nfl/story/_/id/49893018/packers-rb-josh-jacobs-pleads-no-contest-misdemeanor-charges,https://a.espncdn.com/photo/2026/0910/r1714360_1296x729_16-9.jpg
2026-09-11T04:39:49.767825+00:00,2026-09-10T20:14:53Z,Fantasy football rankings for Week 1: Running back,"Fantasy football rankings from Matt Bowen, Mike Clay, Tristan H. Cockcroft, Daniel Dopp, Eric Karabell, Liz Loza, Eric Moody and Field Yates.",https://www.espn.com/fantasy/football/story/_/page/FFWeeklyPlayerRank26-49804068/nfl-fantasy-football-rankings-2026-rb-running-back,https://a.espncdn.com/photo/2026/0903/r1711047_1296x729_16-9.jpg
2026-09-11T04:39:49.767825+00:00,2026-09-10T20:07:10Z,Fantasy football rankings for Week 1: Quarterback,"Fantasy football rankings from Matt Bowen, Mike Clay, Tristan H. Cockcroft, Daniel Dopp, Eric Karabell, Liz Loza, Eric Moody and Field Yates.",https://www.espn.com/fantasy/football/story/_/page/FFWeeklyPlayerRank26-49804022/nfl-fantasy-football-rankings-2026-qb-quarterback,https://a.espncdn.com/photo/2026/0903/r1711049_1296x729_16-9.jpg
2026-09-11T11:20:34.034212+00:00,2026-09-11T03:56:35Z,49ers rout Rams 27-7 in NFL's first Australia game behind Brock Purdy's 3 TD passes,"— Mike Evans, Demarcus Robinson and Deebo Samuel caught touchdown passes from Brock Purdy, and the San Francisco 49ers routed the Los Angeles Rams 27-7 Friday in the first NFL regular-season game in Australia.",http://www.espn.com/nfl/recap?gameId=401872657,https://s.espncdn.com/stitcher/sports/football/nfl/events/401872657.png?templateId=espn.applewatch.awayhome.1
2026-09-11T11:20:34.034212+00:00,2026-09-11T04:18:50Z,49ers' De'Zhaun Stribling exits vs. Rams due to ankle injury,49ers wide receiver De'Zhaun Stribling left Thursday night's game against the Rams because of an ankle injury and did not return.,https://www.espn.com/nfl/story/_/id/49899228/49ers-dezhaun-stribling-exits-vs-rams-due-ankle-injury,https://a.espncdn.com/photo/2026/0911/r1714709_600x600_1-1.jpg
2026-09-11T11:20:34.034212+00:00,2026-09-11T01:53:33Z,Rams score the first TD on Australian soil,LA Rams running back Kyren Williams rushes in from five yards to give the Rams the lead with the first touchdown in Australia.,https://www.espn.com/video/clip/_/id/49899058/rams-score-first-td-australian-soil,https://espnmedia-cdn.akamaized.net/espn/media/common/2026/0910/dm_260910_NFL_Highlight_Rams_score_the_first_TD_on_Australian_soil_20260911_PAC_RIM/dm_260910_NFL_Highlight_Rams_score_the_first_TD_on_Australian_soil_20260911_PAC_RIM.jpg
2026-09-11T11:20:34.034212+00:00,2026-09-11T00:57:32Z,Dopp and Loza are worried about Rashee Rice's rust in fantasy Week 1,Dopp and Loza are worried about Rashee Rice's rust in fantasy Week 1,https://www.espn.com/video/clip/_/id/49898442/dopp-loza-worried-rashee-rice-rust-fantasy-week-1,https://espnmedia-cdn.akamaized.net/espn/media/common/2026/0910/dm_260910_Dopp_and_Loza_are_worried_about_Rashee_Rices_rust/dm_260910_Dopp_and_Loza_are_worried_about_Rashee_Rices_rust.jpg
2026-09-11T11:20:34.034212+00:00,2026-09-11T00:28:00Z,Source: Patriots' A.J. Brown likely out at least 4 weeks,"An MRI on the right ankle of A.J. Brown on Thursday confirmed that the New England Patriots' receiver suffered a high ankle sprain in the team's season opener, and he will be out at least four weeks, a source told NFL Network's Ian Rapoport.",https://www.espn.com/nfl/story/_/id/49897884/sources-patriots-aj-brown-likely-least-4-weeks,https://a.espncdn.com/photo/2026/0910/r1714150_600x600_1-1.jpg
2026-09-11T11:20:34.034212+00:00,2026-09-10T22:59:30Z,Dak Prescott and the Cowboys open their playoff-expectation season at the Giants in primetime,"— Dak Prescott thinks the vibes are good around the Dallas Cowboys, who are expecting to make the playoffs after missing out the previous two seasons.",http://www.espn.com/nfl/preview?gameId=401872930,https://s.espncdn.com/stitcher/sports/football/nfl/events/401872930.png?templateId=espn.applewatch.awayhome.1
2026-09-11T11:20:34.034212+00:00,2026-09-10T22:49:30Z,Coach Jesse Minter begins a new era for the Ravens with a season-opening visit to Indy,— New Baltimore Ravens coach Jesse Minter would prefer to make Week 1 all about football.,http://www.espn.com/nfl/preview?gameId=401872659,https://s.espncdn.com/stitcher/sports/football/nfl/events/401872659.png?templateId=espn.applewatch.awayhome.1
2026-09-11T11:20:34.034212+00:00,2026-09-10T23:20:54Z,Sources: Falcons' Tua Tagovailoa day-to-day with oblique injury,Falcons quarterback Tua Tagovailoa sustained an oblique injury in practice Thursday and was listed as a limited participant.,https://www.espn.com/nfl/story/_/id/49895564/falcons-qb-tua-tagovailoa-suffers-oblique-injury-practice,https://a.espncdn.com/photo/2026/0907/r1712973_1296x729_16-9.jpg
2026-09-11T11:20:34.034212+00:00,2026-09-10T23:30:54Z,Sources: Seahawks' Sam Darnold expected to miss Week 2,"Sam Darnold has received ""really good news"" regarding his hip injury, coach Mike Macdonald said, but the Seahawks QB is expected to miss next week's game, sources said.",https://www.espn.com/nfl/story/_/id/49893507/sources-seahawks-sam-darnold-expected-miss-week-2,https://a.espncdn.com/photo/2026/0910/r1714128_2_1296x729_16-9.jpg
2026-09-11T16:28:07.956277+00:00,2026-09-11T10:28:17Z,"Start your Bucs, sit Mahomes and a dozen more Week 1 fantasy football decisions",Thoughts to consider on more than a dozen players about whom you might be on the fence about starting or sitting.,https://www.espn.com/fantasy/football/story/_/id/49883353/fantasy-football-start-sit-week-1-need-know,https://a.espncdn.com/photo/2026/0910/r1714562_1296x729_16-9.jpg
2026-09-11T16:28:07.956277+00:00,2026-09-11T10:00:11Z,Expectations for Saints' Tyler Shough in Year 2? 'Doesn't faze me',"Named a captain this season, the 26-year-old QB is out to prove he can lead New Orleans to the postseason.",https://www.espn.com/nfl/story/_/id/49899557/big-expectations-new-orleans-saints-qb-tyler-shough-year-2-doesnt-faze-me,https://a.espncdn.com/photo/2026/0911/r1714758_608x342_16-9.jpg
2026-09-11T16:28:07.956277+00:00,2026-09-11T06:17:50Z,"Rams' Garrett, without a tackle in loss to 49ers, cites knee","Myles Garrett, who went without a tackle in his first game with the Rams, called his performance ""the worst version of myself that I've put out there.""",https://www.espn.com/nfl/story/_/id/49900643/rams-garrett-tackle-loss-49ers-cites-knee,https://a.espncdn.com/photo/2026/0911/r1714774_600x400_3-2.jpg
2026-09-11T16:28:07.956277+00:00,2026-09-11T04:59:29Z,49ers rout Rams 27-7 in NFL's first Australia game behind Brock Purdy's 3 TD passes,"— The San Francisco 49ers enjoyed every moment of their weeklong Australian adventure. They gradually adjusted their body clocks, enjoyed Melbourne's sights and tastes — and then they dominated a division rival in the NFL's first regular-season game...",http://www.espn.com/nfl/recap?gameId=401872657,https://s.espncdn.com/stitcher/sports/football/nfl/events/401872657.png?templateId=espn.applewatch.awayhome.1
2026-09-11T16:28:07.956277+00:00,2026-09-11T05:22:36Z,"49ers' De'Zhaun Stribling hurts ankle, set for more tests","Kyle Shanahan said that initial testing didn't provide full results on the severity of De'Zhaun Stribling's injury, which will require more testing after the team flies the 16 hours back to the Bay Area.",https://www.espn.com/nfl/story/_/id/49899228/49ers-dezhaun-stribling-exits-vs-rams-due-ankle-injury,https://a.espncdn.com/photo/2026/0911/r1714709_600x600_1-1.jpg
2026-09-11T20:57:29.931793+00:00,2026-09-11T20:35:22Z,Chris Johnson's induction into Titans' Ring of Honor postponed,"Former Titans running back Chris Johnson's induction into the franchise's Ring of Honor has been postponed, the team said on Friday.",https://www.espn.com/nfl/story/_/id/49906799/chris-johnson-induction-titans-ring-honor-postponed,https://a.espncdn.com/photo/2026/0911/r1715062_600x400_3-2.jpg
2026-09-11T20:57:29.931793+00:00,2026-09-11T20:47:27Z,Eagles LB Jonathan Greenard out Week 1 due to pec injury,The Eagles have ruled out edge rusher Jonathan Greenard for Week 1 due to a pec injury. Greenard missed all of training camp but was a limited participant in practice this week.,https://www.espn.com/nfl/story/_/id/49906739/eagles-lb-jonathan-greenard-week-1-due-pec-injury,https://a.espncdn.com/photo/2026/0729/r1695105_1296x729_16-9.jpg
2026-09-11T20:57:29.931793+00:00,2026-09-11T20:55:09Z,"Cowboys' Malik Davis (hip) injured in practice, out for opener","Dallas Cowboys running back Malik Davis was ruled out of Sunday's season opener against the New York Giants and could miss more time because of a hip injury suffered in Friday's practice, according to sources.",https://www.espn.com/nfl/story/_/id/49906649/cowboys-malik-davis-hip-injured-practice-opener,https://a.espncdn.com/photo/2026/0911/r1715063_600x400_3-2.jpg
2026-09-11T20:57:29.931793+00:00,2026-09-11T20:18:13Z,Texans rookie Kayden McDonald placed on IR with ankle injury,"Texans rookie defensive tackle Kayden McDonald (ankle) was placed on injured reserve, meaning he'll have to wait four weeks to make his debut.",https://www.espn.com/nfl/story/_/id/49906512/texans-rookie-kayden-mcdonald-placed-ir-ankle-injury,https://a.espncdn.com/photo/2026/0911/r1715050_1296x729_16-9.jpg
2026-09-11T20:57:29.931793+00:00,2026-09-11T20:05:05Z,Who are the winningest NFL coaches of all time?,"From Belichick to Reid, there are many iconic coaches in NFL history. Who has the best career record? Check out the stat breakdown now.",https://www.espn.com/nfl/story/_/id/39286200/best-nfl-coaches-all-ranked-wins,https://a.espncdn.com/photo/2012/0128/bos_g_belichick_kraft_b1_800.jpg
2026-09-11T20:57:29.931793+00:00,2026-09-11T20:04:12Z,Steelers' Joey Porter Jr. questionable for opener vs. Falcons,"Steelers CB Joey Porter Jr. is listed as questionable for Sunday's season opener, as both he and the team continue to try to reach a contract extension.",https://www.espn.com/nfl/story/_/id/49906367/steelers-joey-porter-jr-questionable-opener-vs-falcons,https://a.espncdn.com/photo/2025/0912/r1544507_1296x729_16-9.jpg
2026-09-11T20:57:29.931793+00:00,2026-09-11T19:45:44Z,Ravens' Minter: Madubuike out vs. Colts but return 'really close',"Ravens defensive tackle Nnamdi Madubuike was ruled out for Sunday's opener against the Colts but will be ""ready to roll here soon,"" coach Jesse Minter said.",https://www.espn.com/nfl/story/_/id/49906177/ravens-minter-madubuike-vs-colts-return-really-close,https://a.espncdn.com/photo/2026/0911/r1714999_600x400_3-2.jpg
2026-09-11T20:57:29.931793+00:00,2026-09-11T19:15:17Z,Seahawks confident in QB Drew Lock amid Sam Darnold's injury,Lock led Seattle to a Week 1 win after Darnold injured his hip and left the game. But can he keep it up against the Cardinals in Week 2 -- and potentially beyond?,https://www.espn.com/nfl/story/_/id/49905618/seattle-seahawks-qb-drew-lock-sam-darnold-injury,https://a.espncdn.com/photo/2026/0911/r1714993_608x342_16-9.jpg
2026-09-11T20:57:29.931793+00:00,2026-09-11T19:06:27Z,Fantasy buzz: Falcons' fantasy stars will be just fine without Tagovailoa,"Cooper Rush will get the start in place of Tua Tagovailoa, so what should we expect from the Falcons' fantasy stars?",https://www.espn.com/fantasy/football/story/_/id/40699880/fantasy-football-injuries-position-battles-nfl-news-analysis,https://a.espncdn.com/photo/2026/0911/r1714996_608x342_16-9.jpg
2026-09-11T20:57:29.931793+00:00,2026-09-11T18:39:11Z,Which NFL teams have never won a Super Bowl?,"Some NFL teams have scored multiple Lombardi trophies, but which franchises have never won the Super Bowl? Check out more information now.",https://www.espn.com/nfl/story/_/id/39387513/which-nfl-teams-never-won-super-bowl,https://a.espncdn.com/photo/2011/0526/nfl_a_snorwood_sy_576.jpg
2026-09-11T20:57:29.931793+00:00,2026-09-11T19:16:27Z,"Bucs' Egbuka 'full go,' McMillan doubtful for opener, says Bowles","Buccaneers coach Todd Bowles says wideout Emeka Egbuka will be ""full go"" for Sunday's opener against the Bengals, while fellow receiver Jalen McMillan is doubtful to play.",https://www.espn.com/nfl/story/_/id/49905855/bucs-egbuka-full-go-mcmillan-doubtful-opener-says-bowles,https://a.espncdn.com/photo/2025/1012/r1559358_576x324_16-9.jpg
2026-09-11T20:57:29.931793+00:00,2026-09-11T20:29:03Z,"Tagovailoa out, Rush to start at QB for Falcons vs. Steelers",The Falcons will start backup Cooper Rush at quarterback in Sunday's opener against the Steelers after ruling starter Tua Tagovailoa out with an oblique injury.,https://www.espn.com/nfl/story/_/id/49905536/tagovailoa-rush-start-qb-falcons-vs-steelers,https://a.espncdn.com/photo/2026/0812/r1700821_600x400_3-2.jpg
2026-09-11T20:57:29.931793+00:00,2026-09-11T17:28:58Z,Fred Warner jabs at Rams on social media after 49ers win,The 49ers linebacker didn't hold back on social media after the team's Melbourne win.,https://www.espn.com/nfl/story/_/id/49904873/fred-warner-san-francisco-49ers-troll-los-angeles-rams-melbourne-week-1,https://a.espncdn.com/photo/2026/0911/r1714943_608x342_16-9.jpg
2026-09-11T20:57:29.931793+00:00,2026-09-11T17:53:06Z,Panthers RB Jonathon Brooks to play vs. Bears without limitations,Panthers running back Jonathon Brooks will play against the Bears as he comes back from multiple knee injuries.,https://www.espn.com/nfl/story/_/id/49905351/panthers-rb-jonathon-brooks-play-vs-bears-limitations,https://a.espncdn.com/photo/2026/0724/r1693179_600x400_3-2.jpg
2026-09-11T20:57:29.931793+00:00,2026-09-11T17:42:47Z,Titans LB Cedric Gray ruled out vs. Jets after UTV accident,The Titans will be without starting weakside linebacker Cedric Gray for the season opener against the Jets on Sunday. He was placed in the league's concussion protocol on Monday after being in a UTV accident in which he was the driver.,https://www.espn.com/nfl/story/_/id/49905346/titans-lb-cedric-gray-ruled-vs-jets-utv-accident,https://a.espncdn.com/photo/2026/0907/r1712982_608x342_16-9.jpg
2026-09-11T20:57:29.931793+00:00,2026-09-11T17:47:47Z,Oweh (calf) among 4 Commanders players cleared to play vs. Eagles,"The Commanders have cleared Odafe Oweh, K'Lavon Chaisson, Jacory Croskey-Merritt and Daron Payne to play in Sunday's season opener against the Eagles.",https://www.espn.com/nfl/story/_/id/49905330/oweh-calf-4-commanders-players-cleared-play-vs-eagles,
2026-09-11T20:57:29.931793+00:00,2026-09-11T17:42:00Z,"Sources: Patriots' A.J. Brown to go on IR, miss at least 4 games","The Patriots are placing wide receiver A.J .Brown on injured reserve due to his high ankle sprain, sidelining him for a minimum of four games, sources told ESPN's Adam Schefter.",https://www.espn.com/nfl/story/_/id/49905144/sources-patriots-aj-brown-go-ir-miss-least-4-games,https://a.espncdn.com/photo/2026/0911/r1714939_600x400_3-2.jpg
2026-09-11T20:57:29.931793+00:00,2026-09-11T18:13:22Z,Source: Cardinals RB Love (ankle) expected to play in opener,"Cardinals rookie running back Jeremiyah Love, after battling a high ankle sprain since mid-August, is expected to play against the Chargers, a source told ESPN.",https://www.espn.com/nfl/story/_/id/49904717/source-cardinals-rb-love-ankle-expected-play-opener,https://a.espncdn.com/photo/2026/0508/r1655540_600x400_3-2.jpg
2026-09-11T20:57:29.931793+00:00,2026-09-11T19:25:43Z,"NFL Week 1 betting analysis, best plays for Sunday afternoon's games",Our experts dive into the odds and player props for Week 1 and offer their betting tips and favorite plays.,https://www.espn.com/espn/betting/story/_/id/49488943/week-1-nfl-odds-spreads-lines-props-best-bets-sunday-football-games,https://a.espncdn.com/photo/2026/0911/r1714683_608x342_16-9.jpg
2026-09-11T20:57:29.931793+00:00,2026-09-11T15:42:19Z,"Super Bowl LXI odds: Rams' odds lengthen slightly, 49ers enter top 5","Every NFL team's win total, as well as odds to win their division, the conference and Super Bowl LXI.",https://www.espn.com/espn/betting/story/_/id/47809892/2026-super-bowl-lxi-odds-nfl-sports-betting-season-win-totals-playoffs,https://a.espncdn.com/photo/2026/0202/r1609489_608x342_16-9.jpg
2026-09-11T20:57:29.931793+00:00,2026-09-11T12:59:13Z,Fantasy football rankings for Week 1: Running back,"Fantasy football rankings from Matt Bowen, Mike Clay, Tristan H. Cockcroft, Daniel Dopp, Eric Karabell, Liz Loza, Eric Moody and Field Yates.",https://www.espn.com/fantasy/football/story/_/page/FFWeeklyPlayerRank26-49804068/nfl-fantasy-football-rankings-2026-rb-running-back,https://a.espncdn.com/photo/2026/0903/r1711047_1296x729_16-9.jpg
2026-09-11T20:57:29.931793+00:00,2026-09-11T12:58:52Z,Fantasy football rankings for Week 1: Quarterback,"Fantasy football rankings from Matt Bowen, Mike Clay, Tristan H. Cockcroft, Daniel Dopp, Eric Karabell, Liz Loza, Eric Moody and Field Yates.",https://www.espn.com/fantasy/football/story/_/page/FFWeeklyPlayerRank26-49804022/nfl-fantasy-football-rankings-2026-qb-quarterback,https://a.espncdn.com/photo/2026/0903/r1711049_1296x729_16-9.jpg
2026-09-12T04:33:40.575756+00:00,2026-09-11T23:07:04Z,Tua ruled out for Week 1 vs. Steelers,Tua ruled out for Week 1 vs. Steelers,https://www.espn.com/video/clip/_/id/49907761/tua-ruled-week-1-vs-steelers,https://espnmedia-cdn.akamaized.net/espn/media/common/2026/0911/ss_20260911_184728750_36557911140/ss_20260911_184728750_36557911140.jpg
2026-09-12T04:33:40.575756+00:00,2026-09-11T22:17:22Z,Bears' Odunze feels 'ready' for Panthers despite questionable tag,Chicago Bears wide receiver Rome Odunze (calf) says he expects to play Sunday in the season opener at Carolina despite being listed as questionable on the final injury report.,https://www.espn.com/nfl/story/_/id/49907338/bears-odunze-feels-ready-panthers-questionable-tag,https://a.espncdn.com/photo/2026/0730/r1695649_600x400_3-2.jpg
2026-09-12T04:33:40.575756+00:00,2026-09-12T02:12:25Z,"Cowboys RB Malik Davis set for hip surgery, headed to IR","Dallas Cowboys running back Malik Davis is scheduled to have surgery Saturday and be placed on injured reserve after suffering a hip injury in Friday's practice, a source told ESPN Friday.",https://www.espn.com/nfl/story/_/id/49906649/cowboys-malik-davis-hip-injured-practice-opener,https://a.espncdn.com/photo/2026/0911/r1715063_600x400_3-2.jpg
2026-09-12T04:33:40.575756+00:00,2026-09-11T23:07:53Z,"Tagovailoa out, Rush to start at QB for Falcons vs. Steelers",The Falcons will start backup Cooper Rush at quarterback in Sunday's opener against the Steelers after ruling starter Tua Tagovailoa out with an oblique injury.,https://www.espn.com/nfl/story/_/id/49905536/tagovailoa-rush-start-qb-falcons-vs-steelers,https://a.espncdn.com/photo/2026/0812/r1700821_600x400_3-2.jpg
2026-09-12T04:33:40.575756+00:00,2026-09-11T22:12:15Z,Source: Cardinals RB Love (ankle) expected to play in opener,"Cardinals rookie running back Jeremiyah Love, after battling a high ankle sprain since mid-August, is expected to play against the Chargers, a source told ESPN.",https://www.espn.com/nfl/story/_/id/49904717/source-cardinals-rb-love-ankle-expected-play-opener,https://a.espncdn.com/photo/2026/0508/r1655540_600x400_3-2.jpg
2026-09-12T15:31:09.372539+00:00,2026-09-12T15:18:32Z,"Raiders TE Michael Mayer gets 3-year, $45M extension, sources say","Tight end Michael Mayer, who is stepping in for an injured Brock Bowers to start the regular season, has received a multiyear extension from the Raiders.",https://www.espn.com/nfl/story/_/id/49914437/raiders-te-michael-mayer-gets-3-year-45m-extension-sources-say,https://a.espncdn.com/photo/2026/0909/r1714007_1296x729_16-9.jpg
2026-09-12T15:31:09.372539+00:00,2026-09-12T15:22:18Z,Poll: Oregon's Dante Moore runaway QB1 for 2027 NFL draft,Oregon's Dante Moore is the runaway top vote-getter among 25 NFL scouts and executives polled by ESPN to see who they project as the top quarterback for the upcoming draft.,https://www.espn.com/nfl/story/_/id/49912762/poll-oregon-dante-moore-runaway-qb1-upcoming-nfl-draft,https://a.espncdn.com/photo/2026/0818/r1703571_600x400_3-2.jpg
2026-09-12T15:31:09.372539+00:00,2026-09-12T13:55:49Z,Pete Thamel describes what QBs stand out to scouts,"As three of the top five quarterbacks that were voted to be taken first in the 2027 NFL Draft are from the SEC, ESPN's Thamel speaks on what they are seeing from this class.",https://www.espn.com/video/clip/_/id/49913707/pete-thamel-describes-qbs-stand-scouts,https://espnmedia-cdn.akamaized.net/espn/media/common/2026/0912/dm_260912_SEC_NCF_Analysis_Thamel_Nation_260912/dm_260912_SEC_NCF_Analysis_Thamel_Nation_260912.jpg
2026-09-12T15:31:09.372539+00:00,2026-09-12T10:00:12Z,How Raiders' QB Kirk Cousins is approaching Year 15,"We spoke to Raiders' Kirk Cousins about the 2026 season, working with Klint Kubiak and his role as a mentor.",https://www.espn.com/nfl/story/_/id/49904333/las-vegas-raiders-quarterback-kirk-cousins-year-15-mentor-starter,https://a.espncdn.com/photo/2026/0911/r1714896_608x342_16-9.jpg
2026-09-12T15:31:09.372539+00:00,2026-09-12T10:00:41Z,Why Mike McDaniel and Jim Harbaugh 'need each other' this season in L.A.,We talked to Chargers OC Mike McDaniel and coach Jim Harbaugh about their football marriage.,https://www.espn.com/nfl/story/_/id/49881755/los-angeles-chargers-mike-mcdaniel-jim-harbaugh-relationship-2026-season,https://a.espncdn.com/photo/2026/0911/r1714931_608x342_16-9.jpg
2026-09-12T15:31:09.372539+00:00,2026-09-12T10:12:47Z,Three things Bears QB Caleb Williams wants to improve on,"Ben Johnson laid out a careful plan for Williams' offseason tweaks, and the young QB has earned high marks.",https://www.espn.com/nfl/story/_/id/49897273/chicago-bears-caleb-williams-2026-outlook,https://a.espncdn.com/photo/2026/0113/r1599395_608x342_16-9.jpg
2026-09-12T15:31:09.372539+00:00,2026-09-12T10:00:22Z,Can Denver Broncos' pass rush lead the NFL in sacks in 2026?,"All eyes are on the Broncos' pass rush, which set single-season franchise sack records in back-to-back years -- including a league-leading 68 last season.",https://www.espn.com/nfl/story/_/id/49896439/denver-broncos-pass-rush-nfl-sack-leaders-two-seasons-whats-next,https://a.espncdn.com/photo/2026/0910/r1714599_608x342_16-9.jpg
2026-09-12T15:31:09.372539+00:00,2026-09-12T15:24:15Z,"Sources: Bears, RB Swift agree to 3-year, $33.75M extension","The Bears and running back D'Andre Swift have reached an agreement on a three-year, $33.75 million extension that includes $27.5 million guaranteed, sources told ESPN's Adam Schefter.",https://www.espn.com/nfl/story/_/id/49906474/bears-rb-swift-agree-3-year-3375m-extension,https://a.espncdn.com/photo/2026/0910/r1714372_600x400_3-2.jpg
